"speaker.gender","speaker","speaker.age","phonogenre","F0semitoneFrom27.5Hz_sma3nz_amean","F0semitoneFrom27.5Hz_sma3nz_stddevNorm","F0semitoneFrom27.5Hz_sma3nz_percentile20.0","F0semitoneFrom27.5Hz_sma3nz_percentile50.0","F0semitoneFrom27.5Hz_sma3nz_percentile80.0","F0semitoneFrom27.5Hz_sma3nz_pctlrange0.2","F0semitoneFrom27.5Hz_sma3nz_meanRisingSlope","F0semitoneFrom27.5Hz_sma3nz_stddevRisingSlope","F0semitoneFrom27.5Hz_sma3nz_meanFallingSlope","F0semitoneFrom27.5Hz_sma3nz_stddevFallingSlope","loudness_sma3_amean","loudness_sma3_stddevNorm","loudness_sma3_percentile20.0","loudness_sma3_percentile50.0","loudness_sma3_percentile80.0","loudness_sma3_pctlrange0.2","loudness_sma3_meanRisingSlope","loudness_sma3_stddevRisingSlope","loudness_sma3_meanFallingSlope","loudness_sma3_stddevFallingSlope","spectralFlux_sma3_amean","spectralFlux_sma3_stddevNorm","mfcc1_sma3_amean","mfcc1_sma3_stddevNorm","mfcc2_sma3_amean","mfcc2_sma3_stddevNorm","mfcc3_sma3_amean","mfcc3_sma3_stddevNorm","mfcc4_sma3_amean","mfcc4_sma3_stddevNorm","jitterLocal_sma3nz_amean","jitterLocal_sma3nz_stddevNorm","shimmerLocaldB_sma3nz_amean","shimmerLocaldB_sma3nz_stddevNorm","HNRdBACF_sma3nz_amean","HNRdBACF_sma3nz_stddevNorm","logRelF0.H1.H2_sma3nz_amean","logRelF0.H1.H2_sma3nz_stddevNorm","logRelF0.H1.A3_sma3nz_amean","logRelF0.H1.A3_sma3nz_stddevNorm","F1frequency_sma3nz_amean","F1frequency_sma3nz_stddevNorm","F1bandwidth_sma3nz_amean","F1bandwidth_sma3nz_stddevNorm","F1amplitudeLogRelF0_sma3nz_amean","F1amplitudeLogRelF0_sma3nz_stddevNorm","F2frequency_sma3nz_amean","F2frequency_sma3nz_stddevNorm","F2bandwidth_sma3nz_amean","F2bandwidth_sma3nz_stddevNorm","F2amplitudeLogRelF0_sma3nz_amean","F2amplitudeLogRelF0_sma3nz_stddevNorm","F3frequency_sma3nz_amean","F3frequency_sma3nz_stddevNorm","F3bandwidth_sma3nz_amean","F3bandwidth_sma3nz_stddevNorm","F3amplitudeLogRelF0_sma3nz_amean","F3amplitudeLogRelF0_sma3nz_stddevNorm","alphaRatioV_sma3nz_amean","alphaRatioV_sma3nz_stddevNorm","hammarbergIndexV_sma3nz_amean","hammarbergIndexV_sma3nz_stddevNorm","slopeV0.500_sma3nz_amean","slopeV0.500_sma3nz_stddevNorm","slopeV500.1500_sma3nz_amean","slopeV500.1500_sma3nz_stddevNorm","spectralFluxV_sma3nz_amean","spectralFluxV_sma3nz_stddevNorm","mfcc1V_sma3nz_amean","mfcc1V_sma3nz_stddevNorm","mfcc2V_sma3nz_amean","mfcc2V_sma3nz_stddevNorm","mfcc3V_sma3nz_amean","mfcc3V_sma3nz_stddevNorm","mfcc4V_sma3nz_amean","mfcc4V_sma3nz_stddevNorm","alphaRatioUV_sma3nz_amean","hammarbergIndexUV_sma3nz_amean","slopeUV0.500_sma3nz_amean","slopeUV500.1500_sma3nz_amean","spectralFluxUV_sma3nz_amean","loudnessPeaksPerSec","VoicedSegmentsPerSec","MeanVoicedSegmentLengthSec","StddevVoicedSegmentLengthSec","MeanUnvoicedSegmentLength","StddevUnvoicedSegmentLength","equivalentSoundLevel_dBp"
"F",1,36,"spontaneous",28.53161,0.2147572,20.85137,30.25773,33.48737,12.636,213.1686,226.9361,174.2191,175.0202,0.8684973,0.8689463,0.2043959,0.6896696,1.277477,1.073081,15.84838,10.81236,8.525772,4.896863,0.6763837,0.776279,30.94799,0.4551575,6.797601,2.10506,16.86006,0.7967655,1.45555,9.891931,0.04660838,1.771986,1.253285,1.002227,5.267793,0.8955521,4.169802,2.761729,23.03991,0.5083867,573.8872,0.244429,1314.802,0.1217454,-73.48396,-1.220605,1697.051,0.1336007,875.202,0.4231097,-81.96202,-0.9961244,2641.719,0.09162379,999.4221,0.6375233,-83.54837,-0.9667399,-18.16627,-0.3595546,24.08605,0.3695264,0.005193492,6.571922,-0.043307,-0.3114315,0.8634506,0.6376736,37.59686,0.2176775,3.173193,4.783889,18.1208,0.8048162,-4.716809,-2.765038,-22.59856,32.3135,-0.08241943,-0.01871811,0.3476661,3.853956,3.285421,0.18875,0.1964967,0.1092857,0.1451336,-18.18717
"F",10,44,"prepared",34.56165,0.1963925,30.95831,33.48732,38.62943,7.671127,173.5782,98.42527,64.21593,32.53233,0.7191696,0.619296,0.2026003,0.7361525,1.114614,0.9120141,10.17478,5.916161,5.922387,3.060843,0.4196568,0.9630123,22.75037,0.9364272,5.739372,2.010043,6.973073,1.996306,-5.989297,-2.315582,0.03025741,1.532627,1.051013,0.9518906,7.943361,0.6405562,8.735851,1.298326,29.38916,0.3968133,572.8506,0.3534079,1288.313,0.2468173,-84.17181,-1.074134,1572.252,0.1868669,955.1304,0.3448163,-87.9055,-0.9208837,2679.559,0.09800976,800.8853,0.4647396,-93.23078,-0.8163164,-15.14327,-0.6909961,27.01679,0.4406082,0.06622955,0.5648605,-0.02371836,-0.6476867,0.5651553,0.7471022,31.30239,0.5898863,6.748627,1.665416,5.870761,2.747543,-10.85783,-1.307122,-3.97231,14.49472,0.004977724,-0.006596496,0.1767106,4.056795,3.073771,0.1973333,0.153078,0.1066667,0.1787985,-20.45137
"F",11,30,"spontaneous",30.83159,0.08416318,29.42566,30.8065,32.0476,2.621937,87.30116,146.2335,23.50959,18.67696,0.7887119,0.723664,0.2574061,0.6572242,1.238903,0.9814966,16.13532,9.292688,12.34025,8.292002,0.4295479,0.9884115,25.42697,0.6281184,2.546851,5.35388,12.4058,1.21274,2.248109,5.267045,0.02575252,1.034732,1.485631,0.8967114,5.903843,0.6321209,2.249114,2.239312,16.77253,0.4230871,499.7413,0.3301355,1303.782,0.1797405,-57.45735,-1.383526,1561.486,0.1209038,1173.209,0.524484,-66.00991,-1.096368,2384.719,0.1043912,1160.622,0.4973029,-66.25063,-1.087729,-12.00498,-0.5865723,19.85163,0.3692748,0.07363528,0.3970152,-0.025402,-0.4329308,0.5265793,0.8306844,30.2272,0.4033496,-1.136488,-11.66723,13.51326,1.204494,0.858942,15.12096,-8.504872,16.06479,0.01887379,-0.01478175,0.1571964,4.411765,3.717472,0.191,0.1252158,0.07533333,0.06936537,-22.80538
"F",12,25,"spontaneous",32.65939,0.1265533,31.84488,33.05163,35.19953,3.354656,263.3838,339.8444,76.69826,96.97301,0.7449876,0.6180637,0.3075404,0.6896089,1.144571,0.8370305,10.53423,4.800931,7.788362,5.431001,0.3666978,0.8077124,31.41703,0.4350371,7.931892,1.503482,11.53874,1.29398,-4.371654,-3.265838,0.04165807,2.411204,1.03621,1.193185,8.621008,0.5691687,9.970056,1.029519,24.48322,0.4047433,461.6302,0.4400988,1256.486,0.2185138,-51.23114,-1.444753,1446.395,0.1861617,976.7459,0.2994901,-56.49329,-1.122152,2363.024,0.1353885,907.0768,0.3753955,-61.56542,-0.9916354,-17.18877,-0.4696352,28.63417,0.3423396,0.0750071,0.4688205,-0.01944078,-0.526678,0.4029934,0.7496918,34.10447,0.3430041,6.02883,1.945444,12.32336,1.292402,-6.157734,-2.398053,-14.69091,24.63235,0.0366985,-0.01441407,0.2227882,3.838772,2.330097,0.3416667,0.2668905,0.08444445,0.07631966,-20.76748
"F",13,40,"spontaneous",34.66419,0.1509608,32.66722,34.63651,37.22946,4.562233,180.2256,184.6394,35.29674,18.3111,0.5102155,0.8074338,0.07518705,0.4478347,0.9215573,0.8463703,9.76036,5.568778,7.630085,3.919706,0.2775812,1.10992,22.73303,0.7308485,6.632782,1.586942,0.7361315,22.75763,-3.357515,-3.533453,0.03783335,1.50556,1.493231,0.9439023,7.529351,0.633453,7.377044,1.063223,26.16054,0.3821643,485.8877,0.4136072,1219.773,0.230111,-97.71267,-0.9264727,1432.778,0.2126229,928.0464,0.2287895,-88.90115,-0.9215868,2455.155,0.1286681,774.7095,0.280568,-94.65412,-0.8145368,-13.90515,-0.7257234,25.34132,0.4255854,0.09404207,0.4172293,-0.0207216,-0.6681656,0.3988144,0.8256796,30.39515,0.4577194,5.520862,2.072386,-1.76896,-10.79458,-5.62587,-2.30876,-6.270665,16.30942,0.06600893,-0.004888144,0.08346233,5.054152,3.460838,0.1689474,0.1537563,0.09789474,0.08451589,-24.56533
"F",14,41,"spontaneous",30.77053,0.180337,29.24227,31.63775,34.22703,4.984764,148.8159,113.1456,233.8542,392.4582,0.5696971,0.7170838,0.2666184,0.4452127,0.8231117,0.5564932,10.37104,8.053424,10.34506,7.162936,0.3057915,1.109462,22.86243,0.7559234,3.801782,3.32256,12.15019,1.313938,-9.033878,-1.823052,0.05084268,1.963881,1.562984,0.8668726,5.172839,0.9680977,5.765836,1.347355,23.90426,0.3709696,404.3428,0.3167618,1135.394,0.1692633,-81.91724,-1.123213,1411.478,0.1440346,754.6173,0.3375941,-84.98486,-0.9659939,2465.307,0.07576221,745.6082,0.4023726,-88.9975,-0.8896487,-14.4182,-0.4236931,23.2549,0.3411728,0.08935019,0.3391609,-0.02521784,-0.4658634,0.4168073,0.9080538,31.80552,0.3123224,0.06000094,196.4708,16.30034,1.062054,-16.56067,-0.8741295,-5.178112,11.85868,0.04070463,-0.01190093,0.1215715,3.469388,3.512397,0.1717647,0.1618727,0.1026667,0.07663477,-25.78503
"F",15,70,"spontaneous",30.3971,0.129016,26.4455,31.61741,33.80307,7.357571,28.61629,29.3346,24.20139,12.74371,0.7525044,0.6563943,0.2554351,0.7168046,1.137616,0.8821805,13.1388,8.292044,9.244539,4.991158,0.3105645,0.7178301,16.54726,0.9979058,11.55954,1.179193,12.95636,1.371457,-4.899098,-2.395919,0.03255586,1.21101,1.425427,0.8990946,5.751198,0.7668865,5.451682,1.136216,20.88362,0.4742794,436.067,0.3517299,1078.319,0.1933119,-56.20958,-1.470146,1495.067,0.1817118,655.0382,0.4330495,-65.58117,-1.153607,2510.088,0.09339654,818.9698,0.5153953,-67.68503,-1.099738,-11.44626,-0.6681924,19.43004,0.4921273,0.08742108,0.2863039,-0.02212231,-0.5707502,0.3787573,0.5497103,22.22427,0.5141555,10.14066,1.253994,13.34674,1.49638,-5.335039,-2.270112,-0.7688457,7.220789,0.06692408,-0.01356091,0.1242782,4.859813,2.462121,0.2923077,0.2549556,0.121,0.08537564,-24.83963
"F",16,66,"spontaneous",36.45043,0.1413355,35.10527,36.96008,37.96979,2.864521,67.87298,34.75219,64.06305,38.71019,0.8902514,0.608012,0.295428,0.8947015,1.417877,1.122449,12.52476,6.855788,11.1114,6.004338,0.5184743,0.8859814,12.8358,1.32262,12.12336,1.063208,9.768286,1.450672,-8.308413,-1.83662,0.05197612,1.955118,1.339743,0.9602597,7.803985,0.6493771,9.269232,1.097052,20.46777,0.4322287,480.2865,0.3247343,1150.328,0.1729555,-95.11894,-0.9569977,1569.254,0.1891791,890.4606,0.6262079,-88.29862,-0.9059325,2559.527,0.1070213,806.6694,0.5768369,-89.12123,-0.8886665,-12.89087,-0.6234348,20.52075,0.4642436,0.06091537,0.6815649,-0.02143173,-0.7016748,0.6939642,0.6838338,19.40901,0.6049099,9.76436,1.251272,8.979084,1.860858,-15.82613,-0.8628992,-4.189422,10.32714,-0.02088373,-0.007797266,0.222703,4.085603,3.149606,0.193125,0.1609627,0.1192857,0.1140466,-20.2134
"F",17,38,"spontaneous",31.57573,0.07712641,30.26403,31.47743,33.03595,2.771915,38.83117,29.8134,221.4504,581.3238,0.9198266,0.5122655,0.5115033,0.8786988,1.342393,0.8308896,12.90501,7.374301,11.1722,7.103313,0.4744686,0.668101,21.35453,0.8340711,9.331392,1.210087,14.11638,1.160292,-6.870743,-1.941335,0.03760443,2.165406,1.194932,1.111838,7.333284,0.4912749,5.494934,2.742656,21.41631,0.7109833,461.5101,0.3088657,1146.877,0.1918187,-57.25164,-1.392176,1534.87,0.1716225,899.1644,0.6619936,-66.78154,-1.067141,2525.048,0.1001724,825.3788,0.6163034,-69.43306,-1.002545,-14.34705,-0.5447887,23.01164,0.4251505,0.04744943,0.6110421,-0.02599312,-0.4944737,0.5498088,0.5600528,27.44382,0.4483287,8.446694,1.394712,15.64113,1.050337,-8.167916,-1.679821,-2.824826,8.577047,0.006205943,-0.0097963,0.236657,5.973025,2.729045,0.2678571,0.238123,0.07857142,0.09187391,-20.9891
"F",18,39,"spontaneous",26.4196,0.2066159,23.43972,28.43404,29.91916,6.479439,129.2226,78.45457,123.1032,148.2081,0.6550179,0.75668,0.222295,0.5534112,0.9462619,0.7239668,11.18272,6.711236,9.760358,6.744184,0.4475779,0.9164783,21.77141,0.6558399,14.24781,0.8684142,8.953331,1.211774,0.4530978,27.4567,0.06701723,1.948656,1.942209,0.8496339,3.101437,1.268323,2.397778,3.959531,25.99387,0.4357985,449.6076,0.3246389,1248.858,0.1790926,-85.09517,-1.090054,1487.147,0.1644644,836.4704,0.4140559,-93.80745,-0.8940554,2534.03,0.06927582,817.2711,0.5635661,-96.86749,-0.8383881,-16.68065,-0.4260617,25.45171,0.3368079,0.03777374,0.925353,-0.02522247,-0.5855501,0.6337996,0.6756945,26.83535,0.4939654,15.72066,0.8283944,8.672184,1.454527,-2.015686,-6.704222,-12.13282,20.94985,-0.01264752,-0.01298481,0.1748182,3.501946,3.73281,0.1489474,0.1003622,0.1027778,0.1026215,-22.60109
"F",19,58,"spontaneous",28.52819,0.1264413,25.84008,28.27987,31.35986,5.519772,184.7915,238.2753,22.39127,16.63447,0.8894473,0.7464859,0.2829304,0.7178107,1.445546,1.162616,12.83029,7.285745,11.5484,6.843496,0.4588444,0.8775845,23.44841,0.644145,9.490825,1.282414,16.86453,0.9798414,-6.908561,-2.052278,0.04221143,1.795782,1.285007,0.9981932,6.485465,0.5762264,8.056137,0.7139256,26.53779,0.3023545,498.734,0.3263574,1287.691,0.1778185,-69.44225,-1.246508,1575.163,0.1883298,959.1876,0.5580685,-77.11349,-1.039652,2650.145,0.1150231,838.23,0.7055638,-80.61374,-0.9637513,-16.20436,-0.3951937,25.49843,0.2727982,0.04005605,0.8717806,-0.02504095,-0.4990604,0.6099468,0.6521536,30.94925,0.2870882,10.27058,1.256954,20.28623,0.8705,-10.34101,-1.414834,-5.766048,12.58863,-0.007214599,-0.0114157,0.1329644,3.762377,1.603207,0.425,0.09886859,0.2028572,0.1929259,-19.33736
"F",2,25,"spontaneous",31.65304,0.175698,24.1752,34.37749,35.43568,11.26049,571.3248,918.6674,67.93112,48.05035,1.026196,0.5406772,0.5205025,0.9489669,1.504441,0.9839383,13.66039,7.409966,10.20456,5.44081,0.8700514,0.450423,26.71742,0.63608,8.578407,1.891254,10.89479,1.011708,10.89664,0.6640424,0.04980357,1.581223,1.639761,0.7409321,6.319483,0.6439708,11.81314,1.52011,24.00246,0.4890053,536.6714,0.2869543,1314.252,0.1513145,-94.84299,-0.9768017,1591.603,0.09627596,860.4758,0.2020663,-100.5382,-0.857029,2613.958,0.06069792,875.085,0.4231602,-104.0377,-0.7980714,-15.84921,-0.4223913,25.50922,0.3028728,-0.004084063,-7.097472,-0.02625991,-0.3831559,0.9939996,0.4143793,35.21997,0.2617889,1.258812,11.34786,11.22289,1.136043,9.54119,0.8404316,-16.43377,25.62735,-0.04652423,-0.02142573,0.7338732,5.11811,3.578529,0.1427778,0.08503631,0.1166667,0.08419554,-18.60457
"F",20,46,"spontaneous",29.74464,0.06580387,29.17432,29.85728,30.57922,1.404896,229.3559,353.2061,28.4534,30.43452,0.8961398,0.5836999,0.4430594,0.8467865,1.245621,0.8025621,10.61769,4.622596,9.587689,4.498463,0.3808239,0.5966019,26.40388,0.4851217,11.51843,0.9953297,10.24612,1.40174,1.423544,7.314666,0.04305542,2.49878,1.095398,1.043817,7.512859,0.4435004,2.519222,1.824651,22.61457,0.2538461,432.7271,0.1943567,1185.102,0.1422803,-41.88721,-1.636585,1476.293,0.1466474,891.0551,0.3950281,-52.48885,-1.198478,2484.824,0.0777137,930.8194,0.6722019,-57.21587,-1.054847,-14.18102,-0.405873,22.78436,0.2930588,0.03979544,0.6190248,-0.02345268,-0.4657593,0.4017811,0.5557441,28.97943,0.3524145,9.950594,1.149569,10.93459,1.390239,-0.1037709,-95.80643,-12.204,20.49487,-0.008235128,-0.01698624,0.2866482,5.182342,3.300971,0.2394118,0.119335,0.05538462,0.05123331,-21.2728
"F",21,71,"spontaneous",34.27516,0.1542475,32.30543,34.33199,38.11049,5.805054,61.94316,25.67206,106.0276,135.9399,0.854835,0.6895262,0.2573317,0.7561288,1.413959,1.156628,13.6354,7.599449,12.10825,7.130522,0.5541805,0.747872,21.98895,0.6708655,10.38489,1.170995,10.42806,1.549416,-5.548255,-2.597911,0.04728539,2.488005,1.166764,1.047508,8.072819,0.581731,9.958638,1.073901,23.18575,0.4389662,480.7198,0.4011415,1256.235,0.1692908,-70.68728,-1.203228,1545.896,0.1735254,883.8726,0.4710558,-73.20277,-0.9876443,2580.349,0.1086018,928.8206,0.6000668,-76.10589,-0.9273955,-15.96385,-0.4309418,25.65478,0.3788268,0.05854113,0.6044658,-0.01693846,-0.6313837,0.6484789,0.5894886,25.79444,0.431999,9.328613,1.280089,11.21046,1.589455,-8.014714,-1.906297,-10.73148,19.8327,0.003045182,-0.009922207,0.3214923,4.590818,2.822581,0.2507143,0.2005159,0.08357142,0.0685156,-19.504
"F",22,39,"spontaneous",32.47867,0.1108617,30.9323,33.00458,34.55943,3.627132,487.3806,554.2339,37.05174,34.2004,0.7784706,0.8787002,0.1976652,0.5507235,1.271105,1.073439,17.4388,10.30372,14.27732,7.740449,0.4949788,0.9709879,20.25867,0.8472105,6.680801,2.056839,12.58268,1.021528,0.8794818,16.02835,0.04951353,2.095528,1.375484,0.9225522,7.098108,0.512647,4.820399,2.822115,20.81468,0.334182,418.323,0.2723503,1122.123,0.1677785,-85.91718,-1.048118,1439.97,0.1158692,754.0402,0.3328766,-89.08696,-0.9099134,2500.611,0.0580119,718.0524,0.3921622,-91.90742,-0.8580334,-14.36333,-0.4725867,23.15056,0.3722117,0.0573904,0.7179186,-0.02425557,-0.404222,0.6894244,0.7127348,28.807,0.3912293,3.087179,4.414405,16.28418,0.7684249,-4.49993,-3.128746,-8.115016,17.29325,-0.01201838,-0.0109579,0.1879415,5.272727,3.669725,0.159,0.1323594,0.1058823,0.1258879,-20.60764
"F",23,54,"spontaneous",23.3919,0.1838077,21.21007,23.02786,25.61499,4.404919,503.5169,426.6192,167.9526,404.526,0.6888294,0.6332557,0.2121512,0.6713812,1.114543,0.9023921,8.453402,3.840212,7.610755,4.489681,0.3647118,0.7014623,23.39944,0.7619871,10.93752,0.9444066,7.686725,1.699188,7.078656,1.173671,0.03994698,1.160766,1.33231,1.101854,3.835974,0.8077934,2.30678,1.115314,26.55972,0.2371729,444.9172,0.3172011,1240.968,0.1568797,-83.80144,-1.096754,1417.468,0.1773439,916.1542,0.2670979,-91.15958,-0.9358091,2431.765,0.09239225,842.7748,0.5111094,-96.48087,-0.8351954,-15.24717,-0.4963219,24.9879,0.286431,0.01692872,1.091063,-0.01908914,-0.6776133,0.4686173,0.4556388,32.60315,0.3153597,11.48123,0.9552133,6.693022,2.236907,8.065894,0.9937172,-7.25884,16.26518,-0.01985466,-0.005572682,0.2168767,4.528986,2.74223,0.21,0.1828661,0.1435714,0.1485938,-22.86189
"F",24,36,"spontaneous",28.09929,0.0953976,25.76547,27.90055,30.71082,4.945353,118.3212,210.5334,40.91731,19.6338,0.9022717,0.4847558,0.4997557,0.9034749,1.254769,0.7550132,12.71498,5.317942,10.07012,5.354857,0.5792862,0.561672,27.95162,0.5937002,14.86168,0.7736473,20.89566,0.7569761,-10.7245,-1.201502,0.03887713,0.9484739,1.259901,0.9579554,5.659716,0.6299747,7.391777,1.086263,27.94485,0.2703042,460.9134,0.3266035,1239.6,0.2057499,-38.11773,-1.648796,1501.765,0.2103169,829.7867,0.4614746,-51.14423,-1.091059,2555.481,0.1013859,770.4742,0.678212,-54.9278,-0.9800722,-18.18972,-0.4189074,26.17005,0.3437592,0.05376604,0.4247877,-0.03064258,-0.3774025,0.611191,0.5240205,32.18647,0.3949733,14.17042,0.8184184,22.12883,0.7313193,-12.14399,-1.070325,-4.548843,9.876054,0.03341869,-0.01169609,0.3797731,6.743738,2.923977,0.2826667,0.2984508,0.05181818,0.02442732,-18.8563
"F",25,35,"spontaneous",31.99101,0.06760038,30.80277,31.90121,33.90411,3.101334,173.9282,183.8575,52.48941,79.04563,0.7891105,0.4688854,0.4169602,0.8496816,1.08441,0.66745,7.98944,3.15019,7.243376,4.678449,0.4137928,0.6177698,28.9319,0.5171372,8.735227,1.462214,19.06231,0.7779446,0.2816252,33.92505,0.03032376,1.574944,0.9262611,1.200299,8.590049,0.3734163,13.89073,0.6520292,29.45573,0.261181,478.9797,0.3364116,1224.997,0.1507785,-53.84027,-1.450163,1560.841,0.1587332,881.0307,0.5433349,-66.84584,-1.029227,2529.552,0.1213509,867.8765,0.5590109,-70.0617,-0.953344,-19.08769,-0.3226852,27.60625,0.2280695,0.06133127,0.4389474,-0.0237893,-0.4933221,0.4833827,0.4816369,34.51977,0.318891,9.012843,1.212237,20.74965,0.7763082,-1.18444,-8.346317,-7.866933,15.50174,-0.002096212,-0.00742653,0.1993975,4.572565,2.811245,0.2635714,0.2293658,0.097,0.1331953,-19.5575
"F",26,38,"spontaneous",34.24612,0.1029513,34.89668,35.20879,35.50945,0.6127663,260.6768,59.9903,39.54975,46.12064,0.5500132,0.6654035,0.1419492,0.5426925,0.8531384,0.7111893,9.394978,7.92205,6.344825,3.980402,0.2373892,1.015475,19.5078,0.6867569,12.95017,0.9937251,11.81958,1.038224,1.450873,8.070488,0.03171508,2.904697,0.9330302,1.244344,10.64201,0.3980196,9.813686,1.564929,25.94301,0.3439454,642.121,0.3177962,1346.901,0.2034489,-98.72346,-0.8918566,1721.33,0.1644759,1009.034,0.5781994,-103.6971,-0.7746705,2812.469,0.1172621,727.6232,0.5789171,-106.468,-0.7326473,-21.82069,-0.38417,32.17941,0.3176572,0.0517776,0.7007279,-0.02329764,-0.6034722,0.3266635,0.8228427,27.72898,0.3189582,17.45788,0.6954965,15.54684,0.8915501,-2.511487,-5.121668,-6.770654,16.61047,-0.01403617,-0.001333173,0.1216713,4.150198,2.195609,0.2527273,0.1808109,0.1683333,0.1872535,-21.50336
"F",27,58,"spontaneous",32.04302,0.1703398,31.21402,32.23392,36.19701,4.982986,119.8568,125.3363,67.06332,57.9498,0.9863513,0.519931,0.4465278,0.9727692,1.436708,0.9901806,12.63157,6.97159,8.128139,4.576056,0.4408893,0.7178853,14.82255,0.9873682,5.32389,2.463855,10.18285,1.655169,-8.705849,-1.398102,0.04106689,2.319658,1.075971,0.9396612,6.193924,0.6987247,5.624792,3.239773,17.22766,1.029514,445.9409,0.4565336,1090.781,0.1914674,-75.66421,-1.213419,1526.207,0.1805762,711.9083,0.4678253,-74.60017,-1.086899,2543.528,0.1000596,817.9572,0.4668715,-74.64107,-1.08325,-10.88678,-0.631648,19.00668,0.4410835,0.07664709,0.3986138,-0.02555984,-0.4649031,0.5341296,0.600997,19.87913,0.5930407,4.362109,2.874907,10.04988,1.793974,-11.74329,-1.12068,-2.19865,8.017989,0.03349342,-0.0127069,0.2454488,4.208417,3.042596,0.2153333,0.1543531,0.1076923,0.1309817,-22.19637
"F",28,47,"spontaneous",34.011,0.1547568,30.90491,32.37136,38.8408,7.935896,86.1857,41.96865,43.09834,33.14554,0.9401065,0.539246,0.4552854,0.949975,1.415501,0.9602152,10.73743,5.278055,9.762504,4.601076,0.5746524,0.7884105,27.16178,0.5474911,9.387949,1.28138,14.6733,0.9720331,-19.28086,-0.8145783,0.04693663,1.559209,1.140308,1.258586,8.688458,0.4214966,8.479842,0.7917349,25.38759,0.3994082,509.4211,0.3340262,1266.937,0.1787899,-47.17973,-1.553887,1554.878,0.2064091,902.2087,0.5312402,-56.19932,-1.116594,2648.098,0.1156727,794.3207,0.5471424,-60.44513,-1.002241,-17.63329,-0.4386645,26.84166,0.3380043,0.08823413,0.3363694,-0.03010575,-0.4136176,0.6681667,0.6693547,30.90383,0.3490429,7.54356,1.560794,14.81192,0.9899377,-21.76325,-0.7190441,-8.146914,14.23753,0.0528645,-0.01594258,0.1692477,5.27307,1.711027,0.4766667,0.3037909,0.09999999,0.04716991,-19.28457
"F",29,39,"spontaneous",28.20136,0.2385535,19.60485,30.63485,32.64755,13.0427,166.3214,138.8203,221.4379,391.7144,0.9251783,0.5722955,0.4206682,0.915406,1.354884,0.9342154,15.0402,5.984704,12.73407,5.84402,0.7399423,0.6563226,25.08022,0.6325783,15.03223,0.7693105,28.78429,0.645634,-10.59098,-1.16001,0.05748764,1.889352,1.613613,1.022614,5.296691,0.9081157,7.02933,1.549514,27.42858,0.4033139,463.0544,0.2771775,1166.34,0.1756457,-59.10622,-1.389011,1603.272,0.1657655,839.0803,0.6676331,-73.23514,-0.9740781,2640.271,0.08505888,840.7867,0.5822222,-73.36863,-0.9692248,-18.69403,-0.4081252,25.26954,0.3560872,0.06683592,0.3410036,-0.02928779,-0.4710113,0.8589476,0.5453866,30.22168,0.3442344,13.87224,0.8543596,32.74454,0.5694223,-12.91969,-0.954589,-8.131894,13.83426,0.03495127,-0.01997969,0.4408157,5.653021,3.747535,0.1873684,0.1373755,0.05947369,0.04762504,-17.88509
"F",3,25,"spontaneous",33.33604,0.247101,33.31963,35.07589,39.31102,5.99139,480.9618,649.0685,234.4397,287.4314,0.9070352,0.5759759,0.3878239,0.8411069,1.427038,1.039214,10.91685,7.811191,7.307473,3.344267,0.662152,0.8011279,25.66591,0.5862054,12.82,0.8916425,6.718902,1.788928,10.15912,1.144713,0.03207344,2.007025,1.215523,0.9277431,8.317173,0.698566,6.193489,3.386609,22.73103,0.5925069,567.9167,0.3332409,1344.324,0.1614261,-78.25157,-1.05125,1576.406,0.1319134,934.0916,0.3125877,-73.64891,-1.001923,2631.714,0.1025889,918.6848,0.3669458,-81.1046,-0.8510696,-18.4464,-0.3312973,30.95617,0.2381868,-0.01770237,-1.849109,-0.02352887,-0.4601251,0.7591003,0.7313343,32.09727,0.3163218,10.16961,1.089463,6.505371,1.906403,8.490451,1.430823,-13.40442,21.41267,-0.0587217,-0.01308012,0.4277748,3.180212,3.214286,0.215,0.2106142,0.084375,0.0826112,-16.71467
"F",30,43,"semi-prepared",32.79557,0.07823797,31.6356,32.36782,34.28392,2.648323,282.867,433.9021,66.59747,108.0208,0.9015428,0.5746244,0.3814322,0.8542452,1.368835,0.9874029,15.33934,9.601828,13.19864,7.708797,0.628255,0.837447,30.18711,0.4286162,3.943504,2.657956,9.705759,1.432164,-20.25302,-0.7743518,0.02669254,1.219625,1.343063,0.9712653,7.109151,0.5663154,8.367146,0.9689005,28.93516,0.2839552,558.0267,0.3594268,1362.669,0.1542306,-48.23607,-1.525372,1521.251,0.1940471,1066.5,0.339528,-56.76821,-1.145939,2643.887,0.1230008,710.5053,0.5134147,-62.61266,-0.9856255,-15.80691,-0.4053726,26.16539,0.3154526,0.08722129,0.3051989,-0.03029345,-0.4087104,0.7016363,0.7288696,33.87852,0.3112786,3.082156,3.545805,9.642376,1.544935,-23.75836,-0.6580219,-9.344615,16.22923,0.04932991,-0.01922736,0.3607959,6.387226,3.830645,0.1989474,0.2062929,0.04470588,0.02789005,-19.11847
"F",31,66,"semi-prepared",34.85519,0.07137616,33.75037,34.38013,35.92385,2.173473,42.15878,36.42158,39.82904,28.88232,1.02362,0.6020942,0.3988231,0.9741574,1.495678,1.096855,16.20212,8.802685,12.62571,6.533768,0.6889036,0.6671392,23.59862,0.7039127,3.891602,3.080632,13.41893,0.8180422,-0.4733981,-27.64703,0.03555403,2.506818,1.207638,1.114609,9.367661,0.3710017,9.76628,0.8712065,25.24464,0.2900673,634.624,0.2915069,1351.692,0.1696474,-90.79788,-0.9840212,1628.885,0.1391009,1065.65,0.5349987,-95.63338,-0.8538642,2711.883,0.1142113,743.735,0.515363,-99.2162,-0.7930977,-16.36496,-0.3997256,25.29492,0.2984707,0.02266021,1.942759,-0.02297287,-0.4886213,0.8056511,0.5773194,32.30809,0.341469,1.699879,6.893023,13.37313,0.9493209,-6.635322,-1.92378,-13.26483,22.8464,-0.05977556,-0.008906293,0.5249513,4.821429,3.610108,0.1545,0.1070269,0.1025,0.06564107,-18.20345
"F",32,60,"semi-prepared",33.77612,0.1098518,31.51578,33.54953,36.04229,4.52651,61.95053,49.18015,62.49028,50.98672,0.8291953,0.6132043,0.337382,0.7601669,1.248947,0.9115645,10.80634,4.955441,10.32395,4.668683,0.5387013,0.8129628,29.87699,0.4305406,2.835079,5.712334,5.346856,3.265831,-17.15119,-0.9938504,0.03569438,1.276379,1.128681,1.002958,7.574632,0.4914382,4.628414,2.33231,25.83204,0.4207727,456.5331,0.2898977,1243.931,0.1483891,-31.13857,-2.108173,1501.27,0.1628998,866.7954,0.4168339,-41.53226,-1.378269,2550.201,0.08647813,916.7054,0.6586064,-48.41199,-1.117238,-16.00998,-0.3836341,26.69159,0.2563808,0.09381999,0.3778449,-0.02928541,-0.3867044,0.6009767,0.7303995,33.30341,0.2866532,0.7895445,20.59859,6.118939,2.990435,-19.40549,-0.8797073,-7.56099,14.09264,0.01991665,-0.01570472,0.1532793,4.8,2.42915,0.3491667,0.2020502,0.06857143,0.02899683,-20.61544
"F",33,40,"semi-prepared",35.85155,0.09160282,33.65318,34.93409,38.37863,4.725449,48.63927,48.14787,29.62459,20.59072,1.056753,0.6868572,0.3909778,0.9014386,1.713408,1.322431,16.09772,7.147134,16.20487,9.615424,0.6239386,0.9038607,18.87329,0.6968585,-4.238784,-3.178569,5.71353,2.512689,-22.62586,-0.7279774,0.03395411,1.422781,1.335953,0.8814358,6.656329,0.608369,5.935088,1.379449,19.16816,0.4230418,470.952,0.3302109,1170.224,0.194051,-67.12391,-1.287256,1532.409,0.1641488,806.9572,0.4875324,-64.15624,-1.175488,2548.89,0.09449524,984.593,0.6377054,-66.49907,-1.110572,-10.50344,-0.574353,18.571,0.4038681,0.05006989,0.6802675,-0.02602243,-0.4931695,0.7855403,0.7342385,23.57055,0.4393407,-7.516228,-1.644279,8.286559,1.75194,-27.47654,-0.5874624,-6.055224,14.8065,-0.01077802,-0.01807567,0.1984906,5.443548,3.673469,0.1905555,0.2125891,0.072,0.06198924,-19.45855
"F",34,62,"semi-prepared",38.51047,0.08818781,36.07257,37.71388,41.27039,5.197815,173.0715,168.0609,24.16714,9.405748,1.077173,0.6682866,0.4389953,0.9041571,1.790398,1.351403,14.36202,9.795635,13.31547,8.093049,0.6599592,0.9654986,17.64561,0.6907156,0.04273594,416.6681,-11.34019,-1.602712,-20.62204,-0.7651731,0.03199647,1.672211,1.201343,0.8167017,7.988976,0.5324414,1.884938,6.245196,18.59151,0.5746478,534.3071,0.3107363,1205.927,0.2191034,-46.69563,-1.848423,1553.217,0.1594289,1082.14,0.4161732,-43.8865,-1.660049,2554.311,0.08542532,946.6181,0.5794767,-48.16422,-1.454132,-12.20466,-0.5261478,22.95024,0.343382,0.001160535,27.65802,-0.03024423,-0.4673826,0.7892643,0.8275336,20.36947,0.5222345,-3.766559,-4.465216,-12.53689,-1.516289,-23.94694,-0.6547991,-16.49913,25.70958,-0.04567109,-0.02538412,0.1643694,3.992016,2.42915,0.3225,0.2890826,0.07454545,0.05549179,-18.60719
"F",35,39,"semi-prepared",37.07433,0.08303955,34.39327,36.9825,39.60244,5.209171,55.36865,33.3298,23.89828,12.20551,0.7977029,0.7189913,0.3315866,0.5922346,1.253489,0.9219019,15.0328,7.355072,9.074502,4.464533,0.5572526,1.014243,31.86532,0.3006579,-7.519499,-2.00424,-10.21842,-1.156315,-17.7344,-0.7602031,0.03467399,1.129873,1.458478,0.7589946,7.051192,0.5978086,2.765242,3.412451,25.40993,0.380148,623.2639,0.313025,1414.028,0.160301,-48.51205,-1.635851,1541.505,0.1566496,1137.448,0.2772343,-50.57585,-1.366471,2621.37,0.09498113,889.5294,0.4348007,-59.32873,-1.093796,-13.6173,-0.4309013,27.12621,0.2701825,0.06724695,0.3902155,-0.02927282,-0.422349,0.6459823,0.9078279,34.4706,0.2350818,-8.948416,-1.736626,-11.49381,-1.034061,-20.30183,-0.6683779,-8.196331,17.22245,0.04328003,-0.017912,0.1711309,4.990403,2.51938,0.31,0.2705834,0.085,0.1012176,-19.98188
"F",36,38,"semi-prepared",32.95645,0.09198389,31.51586,32.39016,34.18018,2.664324,75.04816,112.045,92.26101,118.7816,1.185305,0.4823937,0.6663522,1.100503,1.766219,1.099866,15.80114,6.944369,10.88697,4.958005,0.7429321,0.6416964,22.1152,0.3999799,-1.363895,-9.492238,3.347613,3.675291,-15.65573,-0.8327878,0.03760898,1.500302,1.358578,0.6800032,4.821577,0.7420636,7.226624,1.090457,22.22313,0.3660011,431.1373,0.4424653,1150.189,0.1504275,-28.31845,-2.466791,1427.747,0.1724181,796.674,0.3079568,-32.60184,-1.799962,2480.199,0.09586314,668.1138,0.3548653,-38.91982,-1.441002,-10.21222,-0.511081,20.12462,0.2923105,0.1076031,0.2338128,-0.0200295,-0.5022171,0.801921,0.5970601,23.70574,0.2988312,-3.33464,-3.68494,3.914117,3.256913,-16.64323,-0.7860097,-7.316494,14.3486,0.0897123,-0.01549117,0.3651613,6.986028,2.016129,0.426,0.6462228,0.07,0.04309458,-19.62589
"F",37,32,"semi-prepared",32.7823,0.1579181,30.74471,33.61943,36.48006,5.735353,129.4621,91.45336,90.06828,79.36139,0.6360418,0.6948164,0.2056194,0.567566,1.029302,0.8236829,11.84476,5.641616,9.811569,6.60468,0.4568008,0.7260067,30.30159,0.4794149,5.55049,2.309033,16.15261,0.7924771,-6.516941,-2.848068,0.05146712,1.55457,1.421353,1.115733,7.756894,0.6298938,3.517447,6.128581,23.60058,0.8180227,540.8622,0.3979268,1312.553,0.1762547,-75.60596,-1.107891,1544.053,0.1886485,968.1458,0.372218,-79.02628,-0.9497473,2660.595,0.09641593,953.7531,0.6240116,-84.89796,-0.8376357,-18.41833,-0.359582,30.20723,0.2619095,0.01270517,3.276759,-0.02172983,-0.7369959,0.4940558,0.6095147,36.51849,0.2787814,1.638671,7.698305,16.11187,0.8876813,-12.50667,-1.473174,-21.61104,32.14329,-0.0790048,-0.009050535,0.3842404,5.363985,3.675048,0.18,0.1686791,0.07157894,0.04307437,-21.4857
"F",38,49,"semi-prepared",37.41213,0.07878678,34.76783,36.51608,40.86808,6.100254,134.0497,149.7297,25.97487,13.50833,0.8877154,0.619918,0.3862414,0.7769716,1.332865,0.9466241,11.00477,6.092442,9.306576,5.311312,0.5580528,0.8772831,31.46511,0.4488371,-5.152001,-2.956762,0.1813005,73.47865,-17.17937,-0.9897004,0.02233501,1.022453,0.9855592,0.9176269,9.724004,0.3795387,8.172301,0.949504,26.79965,0.3234882,573.8144,0.364298,1340.477,0.1657745,-41.7306,-1.711874,1578.767,0.1786394,1050.636,0.3221463,-45.56685,-1.297583,2592.729,0.1172216,990.3699,0.4677676,-52.14584,-1.080375,-16.11582,-0.4394859,26.47273,0.3064351,0.1091771,0.2540074,-0.02676159,-0.4994059,0.6239553,0.7965624,35.46646,0.2633229,-7.558965,-1.947864,0.3665981,38.19561,-20.22106,-0.8157774,-6.00489,13.22943,0.07823218,-0.01221965,0.1687905,5.060729,1.639344,0.51875,0.3332581,0.1375,0.146863,-19.02401
"F",39,27,"spontaneous",33.34605,0.09321595,31.21173,34.01908,35.34406,4.132324,45.24785,43.0633,23.80443,17.82622,0.8512173,0.6443539,0.3186186,0.7983523,1.355552,1.036934,14.24391,8.00467,12.65399,6.142677,0.3648325,0.7624494,21.98891,0.6523232,0.9618793,15.39276,17.38483,0.6644615,-9.277613,-1.720147,0.03098012,1.142652,1.327205,0.972443,7.665925,0.4600421,2.979044,4.199628,14.99874,0.5886567,477.7252,0.3702298,1132.161,0.177468,-48.75193,-1.510134,1551.839,0.149863,796.2053,0.4255822,-53.74957,-1.203635,2572.172,0.0839884,936.0438,0.6607753,-55.12963,-1.156927,-11.77287,-0.5551406,19.37751,0.4196716,0.08205923,0.3568072,-0.0227771,-0.5328225,0.4219902,0.6488502,25.89443,0.4112158,-2.56812,-5.357648,19.44863,0.5654361,-13.06482,-1.162022,-7.173528,14.94161,0.02982651,-0.007397114,0.1276663,6.012024,2.631579,0.3007692,0.2084913,0.05769231,0.02832608,-23.16306
"F",4,69,"prepared",32.30495,0.09124713,29.96848,32.71983,34.5559,4.587421,196.2193,320.3293,22.66836,30.60353,0.6867955,0.6696527,0.236102,0.6060703,1.117275,0.881173,13.05982,4.710015,9.803291,4.884883,0.43876,0.8669327,22.6887,0.7816562,11.32067,1.258361,3.61963,3.330631,2.844986,4.940892,0.0379994,1.797188,1.672998,0.8246475,6.132088,0.7181283,3.152324,3.500181,23.53827,0.6014965,486.9023,0.366542,1232.176,0.160945,-62.87557,-1.329487,1533.022,0.1670793,1029.677,0.3639318,-71.39242,-1.054179,2442.926,0.143301,1132.741,0.4295701,-75.11971,-0.9777445,-15.95206,-0.5408124,26.29015,0.4026529,0.1029265,0.2329863,-0.02672507,-0.4865295,0.5613582,0.6742491,30.24324,0.3930539,8.19788,1.778926,4.224506,3.068896,-0.6025715,-22.70409,-6.453315,14.90541,0.06098656,-0.01439452,0.1510526,4.98008,3.420523,0.1988235,0.1604362,0.07117647,0.04282417,-21.55721
"F",40,30,"spontaneous",32.384,0.08082718,31.34414,31.92459,34.11245,2.768318,57.54176,76.20306,49.03799,43.29451,0.7073945,0.5406081,0.4073576,0.6958532,0.9199662,0.5126086,9.850283,6.023899,7.917873,4.291904,0.3917142,0.8784344,36.25399,0.4391337,11.05829,1.216211,11.88245,1.357935,2.284866,5.831156,0.02980083,1.842211,0.9568391,1.381469,9.218654,0.3497223,6.559913,1.355044,29.47839,0.3010083,589.7593,0.2443396,1319.024,0.1654449,-46.20145,-1.420992,1635.576,0.160898,1023.115,0.3934781,-57.60395,-1.029101,2527.505,0.1249551,924.0936,0.4177532,-63.01347,-0.8997847,-20.50969,-0.3993881,30.67707,0.2715147,0.07269495,0.417994,-0.02934379,-0.3926623,0.4277764,0.824174,40.85564,0.2867656,9.238609,1.466683,11.57454,1.482238,0.8330266,16.44473,-14.28515,22.63407,0.005587263,-0.01365612,0.2325567,4.480652,2.880659,0.2785714,0.1973343,0.04785714,0.03405428,-20.73688
"F",41,51,"spontaneous",28.29701,0.2091748,26.23012,28.29559,30.37411,4.143993,165.8155,118.7835,87.37239,102.0769,0.6114264,0.6906328,0.1772926,0.5304341,0.998788,0.8214954,11.28342,4.922493,11.35074,5.481299,0.3495489,0.7757587,21.42097,0.8993406,-0.8015471,-16.18269,18.15491,1.006612,-2.604606,-4.846036,0.07937614,1.329087,2.545017,0.670484,2.224016,2.265958,2.472128,3.11271,18.43032,0.4729143,449.8657,0.3862773,1079.444,0.1907681,-70.86131,-1.206682,1475.486,0.1536455,774.0627,0.3822857,-76.86119,-1.024591,2464.295,0.0863715,814.1468,0.3747648,-78.64423,-0.9826765,-9.514153,-0.7935992,18.46744,0.4576242,0.06698311,0.4293299,-0.01616083,-0.6970492,0.4437822,0.5940775,28.96661,0.5047509,-4.137074,-3.145145,20.76012,0.9731152,-5.849518,-2.256911,-4.321726,12.93036,0.003095251,-0.003486544,0.1603981,5.605787,4.379562,0.145,0.1201735,0.06478261,0.03347544,-26.04091
"F",42,56,"spontaneous",34.97691,0.1778179,31.79012,36.70535,40.53034,8.740223,281.2191,468.2314,18.79317,9.706077,0.9535317,0.5162038,0.5472564,0.9525777,1.386935,0.8396788,12.96292,7.336431,10.53223,5.687522,0.4726078,0.7797077,23.64384,0.6934962,6.811474,1.89679,7.298157,2.175395,-7.793883,-2.184743,0.03125105,1.886794,0.8846856,1.181131,9.197208,0.5666778,7.528913,1.619065,23.19802,0.4677577,549.913,0.3511024,1315.737,0.2324158,-61.84174,-1.293488,1576.185,0.1859465,951.8495,0.4933756,-62.53996,-1.116246,2606.621,0.1061675,1007.306,0.4924817,-67.01807,-1.004066,-15.36517,-0.4382593,25.34618,0.3562477,0.03481754,1.02648,-0.02497577,-0.4653223,0.5339829,0.7162969,28.85272,0.4070813,4.122102,3.109815,7.205005,2.407586,-12.98972,-1.180069,-8.777574,16.57119,-0.03073023,-0.00925647,0.2824992,4.477612,2.840909,0.2633333,0.1694173,0.06866667,0.05149326,-20.41224
"F",43,39,"spontaneous",35.2199,0.102284,33.53008,34.67306,38.02471,4.494629,84.15806,96.29219,44.56323,30.7164,1.195377,0.4934848,0.6484404,1.145951,1.823499,1.175058,14.63488,7.290003,12.10993,7.963863,0.578018,0.7729535,22.90482,0.7074898,-3.534073,-5.257907,8.148091,1.769696,-3.672369,-3.273319,0.04645833,2.223105,1.143744,1.095031,8.739297,0.4199127,4.262165,2.479223,18.24866,0.5883372,437.224,0.3562258,1192.913,0.1706873,-61.39844,-1.418271,1441.911,0.1449089,860.2792,0.365236,-55.35817,-1.3472,2484.726,0.09013551,942.8478,0.5631216,-61.06852,-1.168698,-10.40051,-0.7626516,20.85436,0.4096473,0.05891302,0.4575446,-0.01502926,-0.8022546,0.6770896,0.6686482,28.51199,0.3690954,-7.229613,-2.271148,7.159879,2.106004,-7.331257,-1.440743,-3.595824,11.90484,-0.009420768,-0.007528783,0.2509925,4.743833,2.10728,0.36,0.3179194,0.103,0.08509407,-19.52751
"F",44,54,"prepared",27.71708,0.2770193,22.61959,26.78032,31.77184,9.15225,218.5218,254.5926,323.9935,501.7021,1.096987,0.5242874,0.4308543,1.185755,1.630742,1.199888,16.99061,6.936928,12.71782,7.559114,0.955431,0.7624092,16.01835,1.305079,8.536023,1.390246,18.66179,0.8649206,1.331562,6.636951,0.08646071,1.079336,1.994089,0.8412175,3.478148,1.236452,3.885753,1.602045,24.6922,0.4507322,501.276,0.3895043,1167.236,0.2114571,-96.88428,-0.9256619,1624.035,0.1764509,993.7539,0.4620384,-104.3708,-0.7596453,2608.411,0.1111056,855.3026,0.5031509,-103.7799,-0.7657771,-15.98525,-0.7154608,22.06441,0.5302657,0.04964018,0.5690061,-0.02712432,-0.5253338,1.382404,0.4609509,27.88227,0.5869398,13.01877,0.9132646,25.79972,0.6032127,0.5974617,16.69137,0.4425335,7.159176,0.01512181,-0.005695153,0.4305644,5.823293,3.853956,0.1363158,0.09980035,0.0975,0.114668,-16.54995
"F",45,34,"prepared",36.72137,0.1928317,33.02678,35.28274,38.62693,5.600159,192.0665,130.8481,180.3311,306.0475,0.9154345,0.7412456,0.1789414,0.8890287,1.411672,1.232731,12.3999,6.883005,12.25526,5.70364,0.6042147,0.8867044,9.249166,2.190134,12.80926,0.8863626,10.68386,1.414266,-2.660527,-3.850852,0.03726912,1.646249,1.267523,0.8886163,8.276422,0.5900182,10.4652,0.8134653,18.70434,0.4819244,577.1002,0.397926,1224.196,0.2927001,-99.52946,-0.8984854,1678.466,0.175361,879.4722,0.5281059,-94.52721,-0.8434208,2703.111,0.09739323,744.9103,0.6205572,-92.5396,-0.8505198,-15.11922,-0.8372704,22.38378,0.6020756,0.06549554,0.4869416,-0.01894546,-0.5942854,0.8347776,0.6043382,18.41677,0.8929595,13.64035,0.9555174,14.10384,1.133879,-6.121879,-1.501187,1.087019,5.912652,0.02203769,-0.002267958,0.2360594,4.251012,2.658487,0.2276923,0.2329461,0.1284615,0.1735089,-17.71373
"F",46,41,"spontaneous",30.95782,0.1329988,29.9489,30.83986,32.08936,2.140459,453.903,624.4958,135.5466,123.7018,1.241274,0.5201134,0.5827891,1.240739,1.871043,1.288254,21.68006,9.437764,15.39618,5.676742,0.8551672,0.5761951,26.62871,0.7290347,4.935728,3.508722,14.95696,1.071692,-8.882023,-1.595259,0.03582307,1.442268,1.432448,0.9087976,6.107823,0.5928823,3.510455,2.261857,22.39858,0.3900851,431.2868,0.3625258,1147.386,0.2012055,-42.21722,-1.706303,1380.775,0.1550168,801.2773,0.3179066,-49.54396,-1.301576,2431.217,0.08679213,681.0618,0.4392587,-54.82165,-1.119198,-12.58011,-0.6369808,20.78419,0.4861708,0.08332291,0.2773486,-0.02208751,-0.4995517,0.9416232,0.5045506,32.09072,0.4275563,0.9201694,16.96377,17.16937,0.9150325,-9.408321,-1.547232,-0.2504691,5.767176,0.05682913,-0.01300277,0.4710896,6.909789,3.106796,0.25625,0.1910456,0.0575,0.03538479,-17.66677
"F",47,34,"prepared",34.30027,0.1004906,32.06719,33.90762,35.89549,3.828297,129.7419,230.3814,30.77069,27.18105,0.5350001,0.6657439,0.1924036,0.490252,0.8822961,0.6898925,11.9587,5.875521,7.595342,3.52704,0.3365995,0.7916248,31.14915,0.5160246,7.651079,1.773346,18.11131,0.900696,-10.10203,-1.452816,0.03141263,1.592959,1.207456,1.103276,8.401289,0.4182147,3.260555,2.49363,23.73624,0.4011481,549.7707,0.301807,1274.433,0.1529649,-56.90036,-1.329617,1618.485,0.191335,953.2857,0.5329611,-65.51705,-1.006387,2619.122,0.09902629,914.5543,0.5563731,-67.21767,-0.9619039,-20.08645,-0.4534028,27.46593,0.3988442,0.05140004,0.7316536,-0.03407022,-0.3768193,0.3953768,0.6766484,35.78619,0.342432,5.717069,2.412543,18.95204,0.8899426,-13.3452,-1.044226,-15.17631,24.45128,-0.03051278,-0.01410282,0.1314968,5.838041,2.862596,0.266,0.1932804,0.07833333,0.04792934,-24.47831
"F",48,47,"prepared",34.00534,0.2199352,31.2763,33.07257,36.69301,5.416708,939.7772,859.4082,110.3543,87.55614,0.5421767,0.6136087,0.1636097,0.566953,0.8437618,0.6801521,9.239425,3.916574,7.04986,4.084003,0.2531849,0.6656315,13.22408,1.625303,20.21811,0.5671626,11.38041,1.557183,1.152686,9.372725,0.04331364,1.829189,1.458971,0.9418385,6.7921,0.6691732,9.722627,1.296016,21.45653,0.6014097,500.6605,0.5011065,1151.346,0.216906,-72.49036,-1.113809,1516.896,0.2304545,879.3772,0.3875176,-72.86009,-0.9820298,2584.44,0.1198793,729.8524,0.5707822,-76.40993,-0.9057754,-12.02473,-0.9644638,21.64496,0.6032582,0.02091168,1.800579,-0.01214924,-1.251385,0.2870365,0.5231738,18.18449,0.9747847,17.23616,0.6725743,8.064675,2.406119,-0.8494502,-13.4171,-10.81079,18.21675,-0.0467943,-0.003570834,0.1543912,5.882353,4.347826,0.1545454,0.09604578,0.05571429,0.03388657,-27.21378
"F",49,39,"prepared",32.98442,0.1019652,30.38678,32.35361,36.21988,5.833101,402.8053,593.9451,19.30293,15.96298,0.7066129,0.5789955,0.3081735,0.7010207,0.9856315,0.677458,10.73991,6.005921,7.425125,5.10848,0.4052716,0.791919,24.80745,0.5867162,19.27951,0.5595845,16.92187,1.044374,-7.378624,-1.855343,0.0286979,1.086229,1.356466,1.150724,9.299484,0.3748779,10.44684,0.8196079,27.72149,0.27464,610.8143,0.2921332,1229.721,0.2033308,-62.18177,-1.160922,1778.189,0.2106056,691.5315,0.601676,-70.94748,-0.8982067,2817.515,0.0918306,761.3306,0.4331776,-73.12501,-0.8561729,-20.28797,-0.3831907,28.9631,0.3238117,0.04229522,0.9006646,-0.03020361,-0.4897636,0.4546284,0.7186702,28.8307,0.3703999,20.11764,0.5422333,17.80141,1.013111,-10.9199,-1.178671,-11.64867,19.28843,-0.02062842,-0.01467078,0.2403605,5.242718,3.339882,0.2229412,0.1136436,0.059375,0.0338136,-19.41529
"F",5,31,"prepared",34.59814,0.1798202,31.99523,34.33321,39.20084,7.205614,124.9454,68.40182,410.461,497.9475,0.7776747,0.7574585,0.1695461,0.7147815,1.345844,1.176298,17.49213,8.233957,13.62473,9.689761,0.5456809,0.9172212,18.70359,0.942706,7.338957,1.848638,5.497842,3.117817,-2.404235,-5.363549,0.05877988,1.591219,2.051299,0.7545554,5.917704,0.7675999,7.943533,1.179107,24.26632,0.4291545,496.8993,0.3829738,1277.98,0.2000387,-109.1088,-0.8391795,1465.985,0.1842444,1035.52,0.5155127,-101.0578,-0.8431194,2486.14,0.1139971,909.9706,0.6939481,-105.5009,-0.768303,-11.12157,-0.7823699,21.89348,0.5011205,0.05011453,0.7873285,-0.01844106,-0.6581551,0.8297353,0.593105,25.83433,0.5849642,4.734064,2.748334,0.3912438,52.45798,-8.401868,-1.536932,-7.430643,15.23448,-0.01359324,-0.006523082,0.2115057,5.649718,3.422053,0.1511111,0.1039171,0.142,0.1423704,-21.54524
"F",50,36,"prepared",32.24998,0.06846409,30.33446,31.86598,34.30324,3.968779,93.91525,145.1651,16.72762,10.22045,0.6288325,0.7007604,0.2243183,0.5675262,0.9451327,0.7208144,10.78135,5.682854,8.80997,5.858048,0.3512139,0.8463647,31.86143,0.5202038,13.11102,1.162671,14.40754,1.339469,-10.33663,-1.617634,0.02675015,1.213568,1.027625,1.26432,8.260043,0.3381272,4.520424,1.623885,30.51741,0.2536184,584.507,0.2006902,1328.242,0.1661058,-49.95666,-1.477324,1688.136,0.1823175,949.6776,0.4654988,-62.43003,-1.07511,2766.518,0.1125823,849.8058,0.5698788,-68.31179,-0.933507,-19.75247,-0.4023785,30.84728,0.239124,0.04142112,0.9067533,-0.0320832,-0.4290679,0.4140934,0.7221645,37.70989,0.2944951,11.34917,1.423457,15.75728,1.331352,-15.87419,-0.8753242,-21.75169,31.61704,-0.07057555,-0.01168315,0.1299541,4.761905,2.284264,0.3377778,0.2371018,0.08875,0.06293598,-23.1076
"F",6,40,"prepared",30.63892,0.1723088,29.36935,30.98253,34.72523,5.355881,109.5353,66.39475,94.47929,88.07441,0.9332994,0.825221,0.1719357,0.772429,1.584473,1.412537,18.96636,8.542188,15.18482,8.508068,0.7445822,0.9255769,24.35667,0.5389056,4.674403,2.675942,3.607266,3.951121,-4.654161,-2.31039,0.05904427,1.60357,1.800833,0.7854089,3.800487,1.112373,2.846977,4.177552,22.00299,0.4664526,457.7339,0.3574231,1206.824,0.1753699,-71.3358,-1.201199,1456.046,0.1782264,917.8881,0.3425273,-73.64442,-1.064971,2450.162,0.09813586,901.5799,0.5009717,-78.43876,-0.9586082,-12.09116,-0.5817264,21.60072,0.3759569,0.07321491,0.5765052,-0.02504382,-0.5840002,1.006124,0.6788174,27.78345,0.4127448,2.124126,6.048819,2.390757,6.448852,-6.485733,-1.762229,-10.11355,18.54245,0.01679084,-0.01803031,0.1977345,5.371901,4.184101,0.153,0.0982395,0.07470588,0.05709823,-19.05971
"F",7,38,"prepared",32.81081,0.1620587,30.24515,32.39302,37.92859,7.683441,399.2515,276.7992,25.26684,20.97963,0.6780044,0.8501222,0.101203,0.5851903,1.170401,1.069198,12.84866,8.620655,10.47132,7.715299,0.4147632,1.015972,20.56364,0.6407189,5.969646,2.255366,22.05207,0.6674766,-0.4630937,-35.0433,0.03134373,0.9920002,1.415459,1.066869,7.943864,0.5027218,7.372823,1.376787,17.04601,0.717465,529.0779,0.408503,1188.807,0.1985501,-101.2646,-0.8763844,1662.843,0.1538326,863.0813,0.6458349,-102.7875,-0.7833491,2612.817,0.1067691,972.1946,0.5285586,-102.2411,-0.789741,-15.41667,-0.4040412,23.05714,0.3210985,0.03316219,1.198498,-0.02385938,-0.508092,0.6440585,0.6417594,26.58471,0.4472973,4.717653,2.394033,25.56804,0.6373951,-4.752477,-3.962811,-9.8604,16.57983,-0.02089351,-0.007201239,0.1185047,4.2,2.828283,0.1935714,0.194224,0.1484615,0.2235671,-20.37416
"F",8,62,"prepared",30.07699,0.1148907,27.97782,30.07944,33.10609,5.128279,122.2965,95.51358,50.04651,33.81652,0.6739787,0.8586229,0.1132146,0.5682767,1.152668,1.039453,18.29193,8.029047,11.82769,5.240734,0.4346626,1.045946,24.0191,0.6598011,2.843498,4.442336,4.025574,3.820331,0.222279,56.13363,0.04506875,1.159372,1.893486,0.8406302,4.177204,0.8655474,2.592702,3.494349,22.06606,0.3889476,527.2751,0.4411852,1344.02,0.1854575,-84.9099,-1.071501,1479.438,0.1523427,1179.484,0.3971872,-88.08495,-0.9723887,2491.647,0.1214267,990.9219,0.5438933,-93.09531,-0.8795778,-9.283667,-0.6616489,21.70846,0.4078353,0.06800604,0.4686659,-0.01689497,-0.7478521,0.6387737,0.7435541,30.791,0.371657,-1.572702,-7.3949,2.550993,6.993589,-1.309376,-10.54687,-8.029656,16.06026,0.009010782,-0.01363492,0.1413704,5.284553,3.49076,0.1635294,0.1025522,0.1075,0.07933316,-22.80169
"F",9,36,"prepared",32.06573,0.2451818,21.59945,34.37395,37.64301,16.04356,477.9824,680.7762,258.543,480.506,0.8574358,0.5575767,0.3288891,0.8898022,1.283194,0.9543052,14.54668,7.955555,15.88402,8.382919,0.5768932,0.6981362,21.0537,0.6633621,5.723597,1.940073,9.424334,1.660145,-1.293192,-10.0994,0.07254244,1.846254,1.683107,0.8188206,6.345062,0.7627859,6.94681,1.789161,20.91261,0.5461259,592.9923,0.3955188,1265.976,0.2235659,-88.62857,-1.003477,1594.59,0.1587723,981.7169,0.4214833,-85.58991,-0.9285722,2635.071,0.1010109,879.6138,0.684763,-89.08369,-0.8605861,-13.94759,-0.5213835,24.33554,0.3997912,0.029829,1.298487,-0.01696886,-0.6839601,0.6876616,0.5831431,25.51421,0.4772971,5.747147,1.961011,8.060282,2.120834,-3.188792,-4.6511,-7.551968,16.87912,-0.01649885,-0.006747021,0.3956765,6.432748,3.937008,0.1545,0.093192,0.0795,0.08476289,-21.40303
"M",1,62,"prepared",20.53247,0.2194687,17.14661,18.95049,22.77925,5.632645,118.1536,191.1082,36.37544,24.34138,0.658688,0.7102563,0.2422393,0.5423945,0.9557895,0.7135502,8.153468,4.502804,6.569177,3.626146,0.4127216,0.7162425,30.42548,0.4742835,1.197996,11.18499,27.64693,0.5295128,4.759055,2.790668,0.0483016,1.382171,1.65621,0.7675314,1.902332,1.53186,6.730751,1.298001,19.63704,0.4739341,472.2353,0.3663874,1173.817,0.1909973,-40.6138,-1.801463,1502.036,0.1596052,982.8762,0.4293526,-53.31152,-1.251544,2415.586,0.1300687,899.9024,0.3348573,-53.19841,-1.260123,-16.7543,-0.4052018,22.26884,0.3434834,-0.0022031,-16.95419,-0.03016877,-0.422147,0.465937,0.6289033,34.9948,0.2957153,1.830496,7.367751,27.28992,0.5517367,3.933797,3.519023,-5.788276,12.74866,-0.03897493,-0.01180191,0.1962515,3.846154,1.434426,0.5585714,0.3259022,0.1333333,0.113676,-22.84433
"M",10,34,"prepared",25.99554,0.2398555,23.43389,25.50308,28.65755,5.223663,271.3675,169.3375,159.5679,247.2969,0.8700418,0.5755041,0.3584044,0.8701984,1.305073,0.9466685,16.55087,7.301039,12.60355,5.170432,0.7334634,0.6395269,24.06799,0.6212488,11.86939,0.8949231,29.12057,0.5405099,16.46599,0.6865959,0.09139767,1.777976,1.700102,0.8260907,4.044626,1.224862,7.940824,2.207943,22.53039,0.6047108,462.3842,0.4599811,1114.363,0.2492124,-68.78366,-1.196996,1525.859,0.1599526,709.6221,0.506347,-79.16849,-0.9137591,2495.421,0.1097812,802.3284,0.292108,-77.72004,-0.9388582,-17.28421,-0.4449332,24.26546,0.3505239,0.01343806,2.788051,-0.008087907,-1.249139,0.8123537,0.5799559,26.81,0.4498312,11.55445,0.9660887,32.62067,0.4928653,18.56538,0.5848882,-12.80664,20.88024,-0.008396321,-0.006638055,0.5709724,6.198348,4.175365,0.161,0.1654358,0.06,0.04065257,-18.23215
"M",11,41,"prepared",22.60909,0.2713505,18.51688,21.56649,24.96816,6.451279,245.0611,290.4542,67.62441,88.23209,0.7137444,0.8294448,0.1126895,0.5906267,1.238097,1.125407,15.37422,9.619545,13.32028,6.814945,0.5317488,0.8513743,26.03883,0.6876706,9.228751,1.40923,14.79064,1.141057,0.4453742,34.95621,0.07575329,1.534368,1.70636,0.9111629,1.367094,2.690834,3.865536,3.392093,19.80498,0.5014874,491.5963,0.3808577,1188.212,0.168576,-73.89938,-1.199475,1501.712,0.206043,819.8928,0.3364919,-81.22871,-1.017212,2515.104,0.1184763,752.2031,0.4054843,-83.08221,-0.9686353,-14.1787,-0.5983394,21.55683,0.378776,0.002256646,16.4237,-0.02324146,-0.7671527,0.712942,0.6184271,32.33401,0.3998123,4.712408,2.651247,17.23892,1.132577,-3.697885,-4.520348,-18.62787,29.24203,-0.06725018,-0.008046527,0.1993722,4.83559,2.929688,0.2126667,0.1661512,0.1207692,0.122252,-21.31655
"M",12,48,"prepared",28.11044,0.2955146,23.84086,26.56679,29.37683,5.535971,310.7613,254.4799,98.81911,168.9723,0.7843243,0.6689662,0.1673973,0.7821417,1.299742,1.132344,11.59359,4.665047,9.639695,6.620739,0.5051205,0.7936468,18.13297,1.045805,2.536985,4.699247,14.88308,0.9705865,11.93857,1.192012,0.06132465,1.273657,1.809958,0.7395925,2.854326,1.617204,6.205551,1.163404,21.65159,0.5056178,526.3012,0.43041,1117.499,0.2393917,-99.87473,-0.9242148,1566.835,0.1574204,821.8834,0.3587183,-103.9904,-0.8222616,2525.389,0.09854837,822.9205,0.3082356,-103.7832,-0.8106085,-11.24203,-0.9899463,19.20907,0.5904255,0.03193774,1.052036,-0.009456608,-1.489484,0.7136194,0.5179365,25.2195,0.6828663,5.138834,2.257228,18.61259,0.8815304,12.76312,1.242736,-3.699147,12.86643,-0.01736481,0.006781662,0.2762642,4.970179,3.614458,0.1388889,0.1236882,0.13125,0.1539836,-20.7651
"M",13,38,"prepared",24.93838,0.1392852,21.91581,24.46325,28.60438,6.68857,168.4116,182.902,55.58232,26.00461,0.7281802,0.6989605,0.1766064,0.7204868,1.207417,1.030811,11.84794,5.753993,13.32122,6.828036,0.6263328,0.814402,26.97175,0.6978501,11.1097,0.9499729,15.4489,1.026753,-0.7601974,-17.35979,0.07674879,1.093623,1.783275,0.895125,3.143986,1.131074,6.624839,2.255008,28.93572,0.2997727,494.1478,0.4225446,1235.505,0.197927,-78.35826,-1.136311,1507.084,0.1790345,920.266,0.484829,-88.0534,-0.9054528,2471.326,0.1376353,768.2112,0.3474092,-90.24254,-0.865357,-18.54811,-0.4683361,28.1229,0.3320273,0.04092062,0.7815302,-0.02142487,-0.7900254,0.8733501,0.524753,35.91935,0.3774229,11.37063,0.9009454,19.16784,0.8891385,-0.06582437,-223.0356,-5.664888,12.82456,0.01831076,-0.005614643,0.1972335,5.576923,2.718446,0.2285714,0.1587836,0.1178571,0.1531656,-19.17766
"M",14,41,"prepared",24.89239,0.2131061,22.87217,24.83388,27.49839,4.626221,307.984,373.3655,44.96258,21.74209,0.7266715,0.8092449,0.1894235,0.6128511,1.132259,0.942836,15.94676,8.840532,11.9643,6.235125,0.4515511,0.9485827,22.82405,0.6560109,-2.868986,-4.552894,20.97352,0.7769774,-0.422167,-28.8384,0.04534581,0.7880639,1.964519,0.7615511,2.175444,1.546066,8.490996,1.30056,20.53266,0.4090792,483.2824,0.4416383,1172.247,0.1918105,-97.92635,-0.9307611,1473.293,0.190021,818.6874,0.3862427,-100.107,-0.8730783,2491.698,0.0951334,685.7817,0.3847933,-101.7726,-0.8374255,-10.15511,-0.7234129,18.62194,0.3988374,0.03215024,0.9079893,-0.01142587,-1.051614,0.6560714,0.6906414,30.47612,0.324908,-3.898363,-3.459299,25.88745,0.6599199,-1.888988,-7.427885,-4.430104,13.92467,-0.00452752,-0.000972289,0.2198214,5.498982,3.497943,0.1452941,0.1048875,0.12,0.1080849,-22.48571
"M",15,55,"prepared",27.63413,0.1493759,24.06443,27.23983,31.89443,7.830002,351.1813,474.6634,39.58171,25.0143,0.9595336,0.5694574,0.4174967,0.9414577,1.413259,0.9957626,13.61697,7.2085,14.45967,6.610269,0.5839823,0.6848078,21.68347,0.8930394,2.126312,6.195626,19.09033,0.7694214,-2.691897,-6.682414,0.05341047,1.537561,1.66575,0.9962322,4.327711,0.8534974,4.276654,1.956881,20.18502,0.4427783,502.8194,0.3935861,1165.962,0.217889,-69.77032,-1.214336,1519.906,0.1922593,828.6131,0.4290577,-75.27927,-1.038167,2533.759,0.1103953,682.9979,0.4417358,-77.05357,-1.000704,-12.24164,-0.7247056,18.99254,0.4915425,0.04067767,0.8492766,-0.01922113,-0.8917413,0.7251616,0.5258866,29.8615,0.4566135,0.9625292,14.30101,23.46804,0.6128339,-6.329936,-3.114517,-1.480878,9.238483,-0.004578201,0.004544146,0.2768139,4.92126,2.982107,0.224,0.2050301,0.1023077,0.1246629,-20.62075
"M",16,48,"prepared",25.93277,0.2001204,21.67067,25.62307,30.44009,8.769423,182.2258,250.6686,97.17906,86.57905,0.7861823,0.5762088,0.2993902,0.7900984,1.197322,0.8979315,11.96114,5.985902,11.94908,7.316984,0.6628149,0.5604828,18.86807,0.8994917,13.77809,0.8177949,17.24077,0.8487489,5.517925,2.203881,0.07114787,1.409477,1.840272,0.8702488,4.547335,0.8288847,10.25729,1.628164,25.86491,0.3313284,472.9031,0.4540084,1160.098,0.2077346,-109.5402,-0.8222087,1527.866,0.208668,827.8776,0.4981615,-113.4489,-0.7284135,2537.283,0.1224257,763.7803,0.4850908,-114.48,-0.7106627,-16.90977,-0.4601981,24.92332,0.3579147,-0.01912108,-1.697657,-0.01454388,-0.9263229,0.8143387,0.4391199,27.12472,0.4504626,16.88151,0.6715562,16.29825,1.132702,6.047294,2.235916,-13.50106,22.89565,-0.06304439,-0.005765253,0.5237874,6.438632,2.642276,0.1815385,0.1343272,0.1753846,0.2229044,-19.73392
"M",17,39,"prepared",20.06645,0.2360322,15.68813,18.69182,25.75681,10.06868,328.0834,284.7596,70.01617,41.98857,0.676716,0.6614037,0.1390449,0.7161374,1.060198,0.9211534,11.2211,4.295439,9.27649,4.771392,0.5695826,0.7657523,24.97693,0.6520196,11.28593,0.9367497,13.80753,0.9016329,3.401147,3.430794,0.06795032,0.899909,2.083273,0.9110534,1.138724,3.49016,3.273538,2.539515,27.32709,0.2909755,465.5234,0.3904811,1160.954,0.1509062,-80.31047,-1.108214,1460.38,0.1971673,828.0308,0.2976087,-89.80225,-0.9082975,2467.626,0.1195463,663.6188,0.2701058,-92.51602,-0.8584419,-17.03716,-0.4707007,25.32754,0.3328756,0.01524207,2.420778,-0.01974214,-0.745424,0.7803913,0.487507,32.38994,0.396585,10.84995,0.8926927,16.53941,0.8358251,3.34256,3.989816,-10.69092,19.26816,-0.01706328,-0.01016327,0.2426114,5.263158,3.740158,0.1552632,0.09115449,0.1017647,0.09823354,-21.50057
"M",18,41,"prepared",24.59789,0.1001915,22.69629,24.05052,26.71522,4.018932,123.5418,123.7615,22.16417,13.57167,0.7993014,0.7776125,0.1027637,0.7405278,1.350921,1.248157,12.34631,4.831392,13.17092,6.0606,0.5783797,0.7802992,32.21501,0.5198597,9.01393,1.16784,12.43848,1.010487,2.171928,5.957832,0.05586278,1.1344,1.503577,0.8572329,4.497326,0.5606568,6.023376,0.6432155,30.04709,0.2610167,427.2033,0.3437893,1273.692,0.159674,-77.85794,-1.168508,1358.939,0.164843,973.0492,0.2732757,-86.94404,-0.9703023,2404.362,0.1073343,855.1251,0.4013342,-93.41586,-0.849713,-17.66587,-0.3482721,29.68785,0.2721972,0.007573451,4.518299,-0.02438661,-0.5271671,0.8010133,0.5068207,41.69186,0.2398741,6.787502,1.675297,13.77924,1.021791,-0.4420888,-33.11866,-19.49331,30.7519,-0.06445581,-0.007055032,0.2037403,4.854369,1.568627,0.395,0.2113646,0.1966667,0.1575507,-18.72775
"M",19,40,"spontaneous",24.13853,0.1870061,21.38587,22.73327,25.77828,4.392418,338.3192,354.0498,95.45389,84.81921,0.6749529,0.5235197,0.341717,0.6555891,0.9632055,0.6214885,10.98312,4.314165,9.207569,4.93797,0.5302065,0.725984,28.96725,0.5289145,6.546226,1.481462,13.98136,1.2485,3.226522,3.922403,0.05824248,1.222157,2.100235,0.7614535,1.734364,1.940682,4.982428,1.237437,25.17826,0.3587011,468.8102,0.4022436,1235.002,0.2373878,-82.43314,-1.098339,1452.597,0.1791113,873.7726,0.3288712,-88.59593,-0.9344123,2435.136,0.1342306,807.8144,0.322496,-91.35039,-0.881449,-15.68213,-0.4758672,24.01241,0.3569366,0.05803803,0.522019,-0.01911491,-0.8364077,0.6395271,0.5289225,34.91049,0.3174959,5.719308,1.812173,15.56239,1.300408,3.773283,3.648337,-9.210721,17.70495,0.0398345,-0.007152785,0.3653127,6.896552,3.868472,0.149,0.09812747,0.0885,0.05284648,-23.03839
"M",2,62,"prepared",26.72515,0.09747683,25.24026,27.06862,28.49467,3.254414,74.3429,56.60222,50.19857,54.99989,0.7481059,0.5721691,0.3308753,0.683147,1.133101,0.8022254,11.06792,4.671119,8.315931,5.044074,0.550239,0.7273616,27.26931,0.4437339,18.55116,0.566161,27.82746,0.5329992,5.220845,2.186494,0.05901445,2.022033,1.317405,0.7772998,5.084855,0.6988363,8.155976,1.05855,29.87904,0.2398933,516.6791,0.4397896,1205.463,0.2089206,-33.0181,-1.730008,1627,0.163555,838.7355,0.4573038,-49.0682,-1.017423,2627.877,0.1235051,869.2267,0.4518543,-49.96423,-0.9912789,-20.48763,-0.3529049,27.85405,0.2833542,0.03705084,0.858193,-0.02084403,-0.6549076,0.5904967,0.6840426,28.89574,0.3974696,18.80936,0.572919,28.53856,0.5295464,5.257789,2.266277,-12.36467,18.71947,0.02542399,-0.01197122,0.282757,3.501946,1.976285,0.439,0.4142089,0.05375,0.05429951,-18.50639
"M",20,28,"spontaneous",20.45018,0.1216914,18.78909,20.16246,22.54447,3.755388,188.0558,300.666,32.73928,25.8285,0.9981315,0.4319363,0.5552751,1.062116,1.354154,0.7988793,12.42716,6.652593,10.05654,4.963396,0.6470778,0.4433488,31.12572,0.2427185,4.243793,2.353457,37.66685,0.4876646,-5.603471,-2.707564,0.04243381,1.510757,1.361376,0.9893515,2.371005,1.155225,2.869688,1.27175,20.8148,0.245046,467.4248,0.3914172,1142.037,0.1878305,-22.21889,-2.633399,1581.453,0.1782564,740.3856,0.6471847,-38.71748,-1.375811,2504.335,0.1095546,884.0745,0.3089712,-34.96423,-1.549929,-15.06654,-0.3588676,20.0108,0.2821421,0.04213088,0.6494024,-0.02577722,-0.5321553,0.6544591,0.4271873,31.61781,0.2393845,4.040367,2.556907,38.3619,0.4855119,-5.841006,-2.638371,-14.78735,20.2027,0.04991078,-0.01815891,0.5968509,5.587668,2.148438,0.4054545,0.3894603,0.03583333,0.01705791,-19.08309
"M",21,38,"spontaneous",25.35047,0.1308064,23.28675,24.47728,27.7408,4.454048,282.2446,415.3712,52.08912,47.78956,1.03498,0.4878422,0.5990275,1.05048,1.45394,0.8549127,12.23889,6.069988,10.36709,5.095417,0.7099456,0.6565152,30.49866,0.3931962,4.830861,2.496215,17.35464,1.25824,-1.769186,-7.667376,0.04996279,0.9720916,1.361476,0.8945351,3.206603,1.071327,8.647239,0.8155817,24.74324,0.3539295,491.5712,0.4570528,1175.718,0.2210155,-44.84125,-1.634717,1483.293,0.1982605,789.4255,0.4374038,-52.89024,-1.284881,2440.045,0.1241671,721.058,0.2195867,-55.75785,-1.18818,-13.21711,-0.5630655,22.46217,0.3481171,0.04540376,0.6476611,-0.01798487,-0.7104279,0.7759393,0.6015289,31.62977,0.3367888,4.657231,2.646226,18.58204,1.273254,-0.9971392,-14.00303,-10.7512,20.94721,0.04214505,-0.01110507,0.4790847,4.901961,2.772277,0.2835714,0.3030937,0.06076923,0.04214654,-19.1987
"M",22,30,"spontaneous",18.8702,0.1474545,17.43344,18.34704,19.607,2.173561,146.3947,218.1375,132.6568,238.8822,0.8590387,0.5556788,0.382788,0.856379,1.288941,0.9061533,12.48299,5.99359,11.1067,5.0239,0.6295173,0.5911674,29.28776,0.4064198,-1.035278,-11.93176,14.9869,0.7287421,3.374915,2.99301,0.1222647,1.158314,2.045417,0.6676259,-0.991464,-2.439073,4.536874,1.777698,19.10816,0.3796155,544.7385,0.4981755,1248.09,0.170094,-96.67063,-0.938755,1510.88,0.2238896,909.7306,0.2059708,-98.80269,-0.8852713,2491.618,0.1292839,724.4564,0.229636,-101.7156,-0.8366343,-10.9354,-0.4643655,18.75474,0.3070053,0.00385104,6.227129,-0.01069817,-0.8707855,0.7111137,0.3923512,33.02364,0.2789338,-4.162373,-3.103677,17.76244,0.6839241,3.338507,3.334213,-10.19529,19.31857,-0.01260587,-0.009017851,0.5482448,5.928854,3.992016,0.1255,0.1307851,0.1144444,0.1667074,-22.89747
"M",23,50,"spontaneous",26.72878,0.270167,23.31501,24.65956,27.75882,4.443811,50.63744,74.98249,28.50986,17.41708,0.9690809,0.4794939,0.5253621,1.009583,1.404639,0.8792772,11.63459,4.933118,9.905515,4.392908,0.6525458,0.6508875,17.14974,1.133805,18.80131,0.6490362,18.05384,0.9067222,-3.201885,-3.708824,0.04046476,0.9613856,1.950647,0.8434744,3.711615,1.069438,5.348192,1.149905,28.0785,0.3990112,458.0407,0.3989929,1080.037,0.2199674,-47.91805,-1.720102,1534.649,0.1879499,796.6404,0.5639112,-61.42197,-1.177039,2546.882,0.1088493,725.4517,0.4246173,-61.63982,-1.155418,-16.55165,-0.6912575,23.55064,0.5383133,0.07203387,0.3419333,-0.02487246,-0.4629165,0.7378142,0.5395969,23.0139,0.6969856,19.23566,0.6105034,20.85332,0.7953165,-3.62518,-3.557753,0.5302903,4.834461,0.06055417,-0.01038809,0.3816487,5.93692,2.251407,0.335,0.2205108,0.107,0.1409291,-18.10251
"M",24,46,"spontaneous",21.95396,0.192118,19.00799,20.3982,25.01567,6.007675,152.116,203.4324,54.54659,43.01534,0.7408849,0.4877406,0.3726659,0.7892566,1.041182,0.6685161,11.96724,6.511172,8.694151,5.500497,0.4808239,0.6440734,24.28647,0.4977493,13.29279,0.5490471,10.65175,1.161579,3.961723,2.95624,0.05079229,1.184301,1.675553,0.8964811,2.792756,1.241476,3.381031,1.051012,24.81791,0.2447306,413.5777,0.281214,1132.621,0.1546163,-77.29761,-1.157564,1359.956,0.1387303,816.9077,0.2382809,-84.79273,-0.9894009,2433.786,0.08014659,671.8567,0.2527726,-90.48908,-0.8814001,-14.91265,-0.3844807,24.09828,0.2781766,-0.0005318879,-41.51944,-0.01841348,-0.6581421,0.5766148,0.5095033,28.88853,0.2846756,12.15235,0.5257947,13.48798,0.9802979,1.40406,8.896564,-13.40582,24.3525,-0.03213572,-0.00861238,0.3155851,6.336634,2.605211,0.2346154,0.1843748,0.1527273,0.1546898,-22.54982
"M",25,46,"spontaneous",23.14505,0.2217009,18.49459,24.83942,26.94786,8.453276,205.2439,226.6157,93.41915,85.49229,0.6171757,0.5623576,0.315707,0.5790612,0.8411299,0.5254229,8.676164,4.729834,7.138464,4.493931,0.4754108,0.6441638,27.31874,0.5435311,18.90178,0.473751,13.80762,1.17243,9.963311,1.116662,0.09944908,1.875721,1.480959,0.930547,3.966936,1.072569,10.42369,1.504707,31.42259,0.2282852,448.7285,0.415829,1253.362,0.1841879,-70.21251,-1.156038,1446.191,0.182093,972.4564,0.3834177,-79.4493,-0.9324777,2427.729,0.1282619,756.0923,0.3463021,-82.67688,-0.8691045,-21.61613,-0.3427825,31.24338,0.2169872,0.001211012,26.79792,-0.02003735,-0.5322751,0.5164574,0.5339875,31.27592,0.2818143,19.90752,0.4279431,17.42557,0.9354409,11.03469,1.012613,-10.6612,21.42836,-0.00596896,-0.01235434,0.3794749,4.280156,2.946955,0.232,0.1973896,0.09923077,0.05581032,-21.21305
"M",26,41,"spontaneous",19.76273,0.0658716,18.8675,19.55383,20.38434,1.516836,77.07616,99.87174,71.38511,149.7449,0.9000576,0.6132146,0.2649183,0.8973014,1.484779,1.219861,12.1064,7.285589,11.37308,6.731938,0.6088851,0.6946314,26.55967,0.542514,5.03836,2.531212,22.95824,0.6793758,-11.79936,-1.186643,0.04738319,1.348988,1.551698,0.9664624,1.744232,1.676181,7.18232,1.355856,25.99657,0.2673084,429.7418,0.3427251,1208.47,0.1786615,-73.21246,-1.253817,1402.913,0.1697967,883.3324,0.3165354,-80.27007,-1.076481,2443.898,0.08717313,750.4894,0.4154321,-84.5947,-0.9822669,-15.13631,-0.4089009,23.08858,0.3033701,0.03434502,0.807585,-0.0250177,-0.4918306,0.7217121,0.4880224,32.05269,0.2775752,3.735238,3.361419,26.21445,0.5859405,-14.96531,-0.9507886,-9.182795,16.76758,0.02484701,-0.01580054,0.4252381,5.605787,3.113553,0.1970588,0.1650585,0.1242857,0.1214034,-20.7368
"M",27,59,"spontaneous",21.37643,0.1258824,19.48314,20.98195,23.67444,4.191299,212.8305,237.8577,39.36885,9.707398,0.4499952,0.6868711,0.1033191,0.4355624,0.7361958,0.6328766,8.059557,3.98081,8.807824,5.04264,0.2936122,0.9345413,23.10824,0.5915107,11.16225,0.7853885,19.04514,0.6353769,9.29185,1.358917,0.05961464,0.7684414,1.862049,0.8761563,2.88457,1.069932,0.8466113,9.79154,25.03211,0.233334,456.954,0.4407386,1171.531,0.2062366,-85.48617,-1.042474,1474.097,0.1886793,811.7159,0.2602443,-93.70449,-0.8713391,2499.961,0.1095968,773.3296,0.3798257,-97.77142,-0.8010175,-17.7675,-0.3772017,27.68549,0.2550539,-0.00822536,-3.793171,-0.01018147,-1.41225,0.4191073,0.6268121,30.31551,0.35673,11.73447,0.7112865,23.96473,0.5008274,10.5262,1.393,-9.541586,19.48558,-0.01437,-0.003209728,0.1046712,5.210421,2.631579,0.2223077,0.1386281,0.1483333,0.2034631,-24.36517
"M",28,37,"spontaneous",22.59327,0.1011543,21.10128,22.19916,24.30714,3.205864,229.4569,427.8826,57.17239,46.00373,0.7666953,0.6158013,0.2521763,0.7373704,1.2207,0.9685234,12.17061,6.124105,10.06448,5.106864,0.4336089,0.7738399,21.66869,0.8784671,3.43526,3.551459,20.51498,0.6676223,-4.742865,-2.477855,0.05501092,0.9638736,2.119794,0.7800073,2.322477,1.3195,4.465623,2.475986,21.83551,0.3066983,455.9912,0.3873818,1149.721,0.1896084,-79.06499,-1.129475,1434.715,0.1695901,842.791,0.3808477,-85.71078,-0.9742718,2473.994,0.08206003,728.2421,0.4053205,-89.65981,-0.8956963,-12.95125,-0.4651943,22.45782,0.3272794,0.01964747,1.269823,-0.01836593,-0.5910113,0.552802,0.5926374,31.25216,0.4165299,1.159719,11.17666,22.74922,0.6424853,-6.442517,-1.924249,-2.951674,10.75362,-0.01610726,-0.002316358,0.2340903,5.029014,2.935421,0.206,0.1860036,0.1221429,0.07617448,-22.26558
"M",29,50,"spontaneous",19.15647,0.1188946,17.32933,18.80494,21.10597,3.776636,228.7788,201.9675,72.77867,69.82254,0.8393143,0.5753426,0.408294,0.7667155,1.254608,0.8463141,15.85746,9.514939,13.73483,8.32024,0.5771642,0.580645,28.5158,0.5837715,-6.083058,-1.807467,25.56194,0.6107338,4.220937,3.435057,0.05081883,1.135217,2.260568,0.7592812,0.08654323,30.94879,4.312162,0.7012354,17.95901,0.3869368,544.5839,0.4371471,1207.365,0.2037751,-80.36492,-1.144327,1544.783,0.1823153,848.3977,0.2680281,-83.45174,-1.0472,2531.052,0.1180204,729.6547,0.1911575,-84.03761,-1.034316,-9.503617,-0.6621066,15.75341,0.4345294,0.03346574,0.734851,-0.01168337,-1.262022,0.6577829,0.4809628,34.4114,0.3221247,-9.890112,-1.082255,28.24036,0.600337,6.015596,2.561583,-5.663989,12.53461,0.03680462,-0.003695026,0.4528688,6.796116,3.536346,0.1655556,0.2053512,0.1146667,0.05487764,-22.47787
"M",3,35,"prepared",28.35353,0.1045208,25.71637,27.34541,31.34484,5.628473,52.06315,39.28508,57.19976,51.58908,0.9725285,0.5510878,0.4946171,0.855283,1.424658,0.9300405,15.02417,6.019536,13.17842,8.970578,0.5464461,0.7558268,30.36467,0.4350722,-14.82738,-0.9978579,20.23768,0.8523781,-11.80247,-1.246962,0.03709443,1.105189,1.627096,0.8143734,3.465846,0.9611199,3.703371,2.042199,17.31654,0.4725221,698.5639,0.4422367,1172.632,0.193133,-32.26841,-2.134013,1751.614,0.1914212,848.8387,0.2957695,-35.31597,-1.738835,2715.116,0.1115682,765.268,0.2530464,-36.76868,-1.645539,-9.14906,-0.6343846,17.47845,0.3688581,0.1018235,0.2369774,-0.01702209,-0.7223756,0.6006984,0.6975648,33.00353,0.3413799,-16.46565,-0.9027883,20.95846,0.831148,-12.57635,-1.148675,-4.291162,10.02162,0.08190127,-0.01278567,0.2567319,5.631068,2.554028,0.3269231,0.2564367,0.05272727,0.02631657,-22.17868
"M",30,41,"spontaneous",21.00639,0.1122551,19.64859,21.34344,22.61835,2.969765,214.1634,220.4247,31.08569,50.05197,0.5174356,0.6417968,0.2003799,0.475216,0.7659277,0.5655478,9.547962,4.284115,6.797791,3.417753,0.3698281,0.8339366,22.08496,0.7303622,15.38005,0.6825987,13.67509,0.8074445,8.632025,1.410587,0.06241443,1.244981,1.95956,0.7650893,2.36016,1.315748,8.28608,1.035324,31.849,0.2572038,510.4359,0.4098954,1266.947,0.2072636,-91.27824,-0.9478224,1496.428,0.191712,937.0347,0.3270997,-99.29948,-0.7964343,2533.656,0.153266,723.2604,0.3518113,-102.5144,-0.745214,-21.15901,-0.3658464,29.63863,0.2766723,-0.007962432,-3.93255,-0.01712714,-0.8696612,0.5003322,0.6380376,30.50231,0.3532403,19.20098,0.4557536,15.92512,0.7613817,11.14249,1.020579,-7.874659,15.78214,-0.007472965,-0.003484285,0.1834924,5.4,3.441296,0.1641176,0.103983,0.1125,0.1285739,-22.95289
"M",31,54,"spontaneous",19.69835,0.1555458,17.15008,19.28636,22.88071,5.730631,214.8353,283.4819,47.07509,52.11765,0.6440492,0.6138471,0.2417819,0.6160374,1.005398,0.7636163,9.936042,4.336915,9.58482,5.370767,0.4207695,0.7073739,24.0399,0.7151255,6.277532,1.775104,18.2084,0.6562572,6.758782,2.209171,0.04193607,0.8162994,1.666899,0.955534,1.529296,1.849082,6.259591,1.759514,25.25152,0.3005354,471.6011,0.381079,1234.086,0.2191963,-79.67808,-1.134999,1441.738,0.1877508,956.0236,0.4092952,-86.77417,-0.9797071,2460.26,0.1128766,798.3878,0.3483334,-90.42238,-0.9081703,-15.14064,-0.5266035,22.80909,0.367921,0.006673786,4.15014,-0.01856294,-0.8520304,0.5546986,0.4023145,34.06406,0.3330965,6.2277,1.846947,18.10086,0.7281857,6.562442,2.441097,-5.832892,12.97159,-0.01721569,-0.002865003,0.2088933,6.150794,2.40481,0.2491667,0.1579799,0.1458333,0.146882,-23.46467
"M",32,40,"spontaneous",26.3517,0.1255293,24.60263,26.19319,28.73726,4.13463,279.5818,361.4369,36.75187,18.29036,0.9264781,0.5637515,0.4985482,0.848044,1.299378,0.8008301,15.22406,11.94653,11.83626,8.692592,0.5673669,0.7726876,17.63559,1.117734,14.3952,0.8751183,13.07097,1.219688,1.928291,5.912874,0.03502709,1.032398,1.571563,0.8418804,4.490884,0.7438949,2.786391,1.692937,22.54542,0.2798042,500.5611,0.4673567,1132.946,0.2730926,-66.56547,-1.268911,1503.232,0.1993171,838.4055,0.3533084,-75.63168,-1.027781,2471.657,0.1429422,655.7977,0.3410524,-77.35782,-0.9845057,-13.97197,-0.5679681,21.55327,0.4260091,0.04055727,0.6299675,-0.02346059,-0.4898184,0.704066,0.6282701,26.27611,0.5465767,12.66317,0.9117904,12.52342,1.399985,2.89086,4.241781,-0.9109661,5.352012,0.003165314,-0.01102649,0.264773,5.511811,3.386454,0.1964706,0.1691481,0.084375,0.1039813,-20.16127
"M",33,43,"spontaneous",22.63216,0.1233753,21.33148,22.59128,24.88349,3.552006,144.1775,161.3429,70.59767,79.4423,0.6288115,0.6764053,0.1869449,0.5970486,1.030429,0.8434842,9.501124,4.458592,8.118119,3.471231,0.4079192,0.7320343,34.27255,0.4493478,8.442154,1.398182,13.61048,0.6995974,4.745204,2.715575,0.05675066,1.181712,1.887125,0.9027715,2.325101,1.396283,3.218778,1.008592,28.89496,0.2553045,449.5591,0.3412369,1279.8,0.1453826,-64.23679,-1.293559,1372.755,0.1771695,975.5434,0.1909873,-73.89331,-1.043991,2420.559,0.1032883,809.9537,0.3303879,-81.29997,-0.8892502,-17.45472,-0.3731535,28.11759,0.2425916,0.02378674,1.101858,-0.0190665,-0.8221512,0.4978244,0.547133,40.69685,0.2777887,7.365712,1.600988,12.2698,0.7507349,3.123445,4.432487,-13.26152,20.95424,-0.0008793306,-0.007595632,0.207039,4.960318,3.006012,0.2246667,0.1892394,0.09615385,0.05942525,-22.30972
"M",34,60,"spontaneous",22.37101,0.2270092,19.48896,21.84606,24.50259,5.01363,426.3045,448.1775,68.45589,68.10867,0.747697,0.5673272,0.3700738,0.6864923,1.10151,0.7314361,12.57645,6.653666,10.0785,6.953008,0.4928041,0.6875179,23.48842,0.7713514,11.39118,0.948572,14.98573,0.9981855,6.59622,1.87183,0.06154752,1.366503,1.608989,0.9093507,2.703319,1.319559,7.119765,0.7276859,28.06339,0.3560576,504.6194,0.4570998,1202.323,0.1956542,-69.8906,-1.199099,1504.222,0.2077658,851.1624,0.3775799,-77.9314,-0.9979452,2570.196,0.1085869,720.1037,0.3517686,-80.77906,-0.9358575,-16.25611,-0.5313677,26.48513,0.3742723,0.002811549,12.40806,-0.01589791,-0.8452104,0.5399503,0.6311154,29.33986,0.4126372,12.63956,0.8774213,16.68083,0.9207606,7.140557,1.827736,-5.906267,16.09455,-0.001779099,-0.002451529,0.4070952,5.703423,3.071017,0.215,0.2367752,0.1092308,0.07770373,-21.57376
"M",35,59,"spontaneous",23.33588,0.1315715,21.58799,22.42891,25.62694,4.038942,81.7942,100.6169,128.0393,152.4153,0.947587,0.6256649,0.358219,0.8698822,1.501023,1.142804,12.2976,5.288993,9.872472,5.483593,0.6269937,0.7688864,20.52742,0.8926046,5.659207,2.179199,31.03028,0.4284193,-3.407223,-4.291733,0.05744433,1.632868,1.561451,0.8359624,2.396852,1.193546,2.321359,2.164689,19.65832,0.4125819,544.3237,0.5028162,1146.639,0.2046662,-95.32053,-0.9944232,1572.632,0.2168947,771.254,0.5248168,-99.47383,-0.8939973,2592.491,0.1102196,715.0947,0.3341347,-99.82471,-0.8867548,-12.82134,-0.5593764,18.34781,0.4217453,0.05807167,0.4494275,-0.02344482,-0.6287543,0.7821646,0.5669156,29.92638,0.3504294,3.409931,3.509176,33.92587,0.3950143,-3.63666,-4.351594,-3.864894,9.710499,0.04711548,-0.007952645,0.4531703,4.752476,2.204409,0.24,0.2554853,0.1936364,0.159845,-20.36323
"M",36,33,"semi-prepared",28.13883,0.1639442,24.23867,27.87346,31.7416,7.502928,253.7875,448.4796,64.82131,53.4379,1.002455,0.5978267,0.3363296,0.9991217,1.568553,1.232223,18.36786,9.16674,16.78991,9.597217,0.9550233,0.7962024,32.58023,0.4125302,4.522305,2.40302,15.08493,0.9692072,-3.90031,-3.343372,0.06345478,1.495043,1.777873,0.8266674,4.80525,0.7487112,4.684192,1.434881,25.82509,0.3714882,471.0768,0.402968,1252.002,0.1593745,-65.17407,-1.341234,1478.333,0.180781,878.8758,0.2878052,-74.28146,-1.044444,2486.295,0.1089865,836.1191,0.4410885,-77.37601,-0.9773527,-17.51387,-0.352411,25.1985,0.269372,0.04529199,0.6225579,-0.02890282,-0.5071948,1.204055,0.5921872,38.06619,0.289527,4.46774,2.310528,18.36169,0.84604,-4.159068,-3.287934,-9.642243,17.57486,0.00751425,-0.01671392,0.3971254,5.809129,2.941177,0.2292857,0.1686698,0.1333333,0.1790717,-16.37223
"M",37,65,"semi-prepared",26.23285,0.1014984,23.78295,25.70464,29.06503,5.28208,160.4527,164.0689,44.28842,23.2712,0.72092,0.7318932,0.2121804,0.6023021,1.153062,0.9408815,12.19421,5.304873,9.578571,4.07733,0.497782,0.8353718,29.1051,0.4697701,5.948348,1.652874,11.89823,1.242277,-1.283901,-8.395647,0.04058899,0.9632348,1.691538,0.9020971,4.398224,0.6233563,2.177579,3.932122,26.61374,0.2398928,405.4609,0.2616168,1263.788,0.148249,-54.74405,-1.548945,1393.621,0.1199127,924.1153,0.2155344,-66.7041,-1.149433,2361.043,0.082565,950.9503,0.3231366,-71.91412,-1.019851,-15.63009,-0.3347647,26.17679,0.2693841,0.05540256,0.528095,-0.02182642,-0.4657189,0.6457124,0.5958891,35.50764,0.2697548,4.678799,2.268107,13.34008,1.211069,-3.137314,-3.639148,-9.323448,17.0067,0.002416864,-0.009991385,0.1194855,5.371901,2.92887,0.24,0.1553797,0.08846154,0.07036676,-20.72923
"M",38,59,"semi-prepared",25.74162,0.1005549,23.51478,25.48342,28.01407,4.499294,269.8167,314.2424,44.31286,42.68264,0.7022362,0.7730197,0.2889586,0.5096257,1.10825,0.8192909,11.42124,6.143299,10.48726,8.878459,0.4346238,1.088717,31.97996,0.5514662,-2.232481,-4.886474,10.25582,1.342066,1.467245,9.106464,0.03647241,1.111768,1.652029,0.781583,4.434013,0.6945272,2.21558,2.359866,26.13314,0.3447158,491.2111,0.4228089,1289.458,0.1483888,-49.57479,-1.711205,1475.477,0.1550174,986.7957,0.2303693,-59.94374,-1.290348,2434.159,0.1251075,989.6977,0.3084877,-64.12737,-1.167631,-15.06306,-0.4242609,25.0917,0.3409906,0.07560877,0.4170637,-0.02193167,-0.6488044,0.5500869,0.9101241,39.47123,0.3080519,-2.747014,-4.257542,10.65398,1.336034,4.789012,2.682547,-2.686366,9.054448,0.03072986,-0.007803716,0.1040256,4.016064,2.642276,0.2730769,0.1815906,0.09166667,0.1083077,-20.87959
"M",39,65,"semi-prepared",33.83374,0.1086224,32.37537,33.8185,36.65372,4.278351,343.062,283.3508,37.60405,36.66241,1.068535,0.764337,0.2497117,0.8817174,1.884571,1.634859,16.08481,7.088543,13.56191,7.642742,0.7129365,1.015419,22.92766,0.6057029,0.4751998,24.37321,4.328327,3.72022,-13.11795,-1.123351,0.03534663,2.996144,1.246371,0.9962875,8.042861,0.4708512,8.00081,1.110355,24.45374,0.3316608,493.6595,0.4728589,1191.034,0.1782836,-63.71935,-1.409904,1515.087,0.1852287,816.1101,0.3265106,-59.66277,-1.252539,2530.541,0.1319093,712.9529,0.2704887,-62.46156,-1.167587,-12.85261,-0.4633687,21.99789,0.3312674,0.1005089,0.339514,-0.02536603,-0.4788822,0.8748215,0.8508487,28.00278,0.3835251,-2.818431,-4.025282,2.810024,6.163182,-16.46071,-0.9197739,-6.531237,13.48703,0.03000967,-0.01115561,0.2157186,4.887984,3.298969,0.219375,0.1311711,0.07285714,0.0499183,-16.34781
"M",4,36,"prepared",27.576,0.1392087,25.44825,28.08139,30.56079,5.112543,119.8274,65.55537,102.4364,103.6621,0.8609234,0.6475397,0.2569993,0.8613268,1.351588,1.094588,12.49286,5.774066,11.68749,5.439602,0.5828733,0.8135701,26.52551,0.5606824,13.97039,0.7566612,26.04735,0.4221551,-16.87768,-0.8022678,0.07016762,1.697082,1.322951,0.8216286,4.433805,0.9496061,2.917174,3.155719,22.7136,0.3396131,651.408,0.2798895,1205.424,0.1625206,-52.32891,-1.534016,1840.661,0.1338132,778.879,0.6329572,-64.72969,-1.115835,2789.042,0.094243,854.1985,0.4897188,-61.92295,-1.18901,-18.0189,-0.2813095,21.73645,0.2538421,0.09375001,0.2315617,-0.04896728,-0.2414562,0.6816134,0.7054417,31.18533,0.2859266,12.03842,0.7687186,26.98737,0.4360911,-14.84339,-0.9290931,-8.339375,11.49815,0.08403894,-0.05186773,0.3186718,4.98008,3.036437,0.2393333,0.2209816,0.07428571,0.04337779,-17.94575
"M",40,58,"semi-prepared",30.4609,0.1247326,27.33496,30.02693,34.54232,7.207363,81.3171,32.11821,34.17472,15.18733,0.9851848,0.5765688,0.3604928,0.9742833,1.484784,1.124291,13.83814,8.787137,10.68586,5.138263,0.5684502,0.8574215,18.45603,0.8789886,5.68861,1.589171,6.762158,1.900185,0.4385205,27.24097,0.04440044,1.371668,1.16333,0.9654757,5.394142,0.7186441,5.060884,1.525915,23.51549,0.3580737,458.9517,0.4592872,1142.556,0.1860138,-73.51289,-1.280025,1497.81,0.1605088,792.9114,0.43256,-78.52604,-1.058437,2501.449,0.09950653,837.4955,0.3965766,-80.71378,-1.010647,-12.64459,-0.4780753,22.40867,0.3479151,0.08474377,0.318465,-0.02095811,-0.4650646,0.7244143,0.6829951,25.08961,0.3769208,4.227449,2.144234,8.870466,1.639595,-3.557773,-3.445443,-2.012418,9.782894,0.03273441,-0.009473343,0.2761792,4.133858,2.385686,0.2683333,0.1970547,0.12,0.1061929,-20.55618
"M",41,51,"semi-prepared",27.68536,0.09277073,25.46737,27.15858,30.25207,4.784698,153.5481,238.7118,25.32573,26.12011,0.9792461,0.6168357,0.3359442,0.9248013,1.626855,1.29091,15.88544,5.360142,11.54578,6.013422,0.4272072,0.7373542,22.16405,0.5038376,-0.2895229,-32.10121,19.23796,0.7176372,-2.528833,-5.697941,0.03035852,1.196337,1.431937,0.8221338,5.072497,0.6723324,2.038723,2.934275,15.88664,0.5705521,447.6184,0.4168424,1197.556,0.1737576,-39.81955,-1.860991,1467.759,0.158456,850.2426,0.370686,-45.95773,-1.458994,2458.663,0.09534187,734.6288,0.250155,-47.01663,-1.415749,-11.03218,-0.5618986,18.03969,0.3979,0.07344767,0.3555427,-0.02220389,-0.7207967,0.4844531,0.6435423,24.87841,0.3047681,-0.5968266,-15.73907,21.57447,0.6037152,-3.210106,-4.850977,-3.238382,10.55315,0.05651598,-0.01298009,0.1587192,3.87324,1.779359,0.456,0.2951339,0.09444445,0.06378978,-22.08656
"M",42,45,"semi-prepared",22.31707,0.1154355,19.9369,21.8186,24.61511,4.678205,84.69118,76.92999,27.10824,12.07659,0.9661617,0.4904852,0.5115237,0.9492676,1.346993,0.8354697,12.60039,7.298732,9.773586,5.032164,0.5076763,0.6457714,21.19413,0.726144,5.295635,1.392123,12.21448,1.140376,4.225,3.32776,0.03460005,1.024327,1.671865,0.8955066,3.219214,0.8141355,1.427389,2.843877,20.93428,0.3215047,513.8343,0.4951794,1179.982,0.1931012,-43.83042,-1.903269,1522.417,0.2011201,832.9959,0.3195708,-53.37557,-1.442631,2491.086,0.1246384,756.1227,0.2397194,-56.20994,-1.337776,-12.86057,-0.4256976,21.58212,0.2843346,0.06861225,0.3207431,-0.01665771,-0.8499433,0.5599071,0.5856378,27.1868,0.3312429,5.646996,1.385411,11.55914,1.26003,4.971095,3.0312,0.259318,6.327229,0.04088809,-0.002793566,0.3570179,5.427975,2.320675,0.3209091,0.3844347,0.098,0.04894895,-20.7123
"M",43,81,"semi-prepared",33.0098,0.1201443,29.87515,33.75011,36.22963,6.354477,158.9877,131.2658,40.05416,28.32193,1.032906,0.6480902,0.4400468,0.8821949,1.605021,1.164974,20.5409,11.13475,15.94049,9.581342,0.7958927,0.9191117,27.43719,0.3873589,0.7507378,12.26544,-0.4171287,-32.34205,-2.764101,-4.967245,0.04924456,2.097929,1.646578,0.7702641,5.39537,0.7340415,4.672079,2.162705,22.55248,0.3908017,455.3057,0.4451093,1240.754,0.1677716,-48.41505,-1.595111,1443.17,0.1688168,966.7804,0.2492887,-49.71944,-1.302295,2361.607,0.1313761,905.3162,0.3049754,-55.18575,-1.127295,-11.92907,-0.5423023,23.71627,0.3290305,0.07614507,0.3894154,-0.01856476,-0.6399375,0.8835214,0.8539151,28.95993,0.3257516,0.4333221,22.16515,-0.9525737,-14.41423,-4.093709,-3.44675,-6.979764,18.46379,0.04753167,-0.008273137,0.4316877,5.566601,3.822938,0.2031579,0.1570468,0.05153846,0.03438384,-18.16205
"M",44,36,"semi-prepared",28.07188,0.1546302,24.68739,27.32886,31.37411,6.686722,92.68069,32.90921,56.09732,38.05407,0.7874532,0.8142899,0.1925508,0.5574799,1.434416,1.241865,12.43831,6.676518,11.16598,6.907738,0.4553996,1.016602,23.99928,0.6220588,1.386679,6.886049,9.215555,1.594898,-6.072554,-2.095096,0.06025194,1.924702,1.702465,0.8409154,4.688699,0.6998914,2.475322,3.964987,23.07906,0.358752,601.2748,0.4246732,1177.076,0.1666852,-67.67489,-1.302045,1647.232,0.1932539,845.5429,0.3129576,-73.3791,-1.094539,2654.342,0.1204229,816.3552,0.3586038,-76.53909,-1.022276,-12.25226,-0.467006,21.76497,0.3298403,0.04287739,0.9460636,-0.02137983,-0.849539,0.6253594,0.7420594,30.72855,0.385183,1.232474,7.874784,11.89465,1.2617,-7.162154,-2.000272,-5.735563,16.27781,-0.01257788,-0.004457431,0.08418495,4.320988,2.708333,0.2469231,0.2094088,0.1116667,0.06743309,-19.75042
"M",45,70,"spontaneous",21.87029,0.1568352,19.28306,21.33631,24.69222,5.409163,97.34498,99.4183,29.94392,12.88159,0.9808344,0.6672481,0.3078597,0.9786535,1.493261,1.185401,14.7942,8.39865,14.28932,5.906634,0.5945994,0.7443581,28.80219,0.4897327,2.220037,4.726759,14.63746,0.8972085,-1.32238,-10.31522,0.04016357,0.975899,1.638704,0.8845951,1.956999,1.515335,3.841035,0.9688759,20.47362,0.3715123,531.3434,0.4662201,1190.851,0.1523491,-43.19314,-1.688229,1499.236,0.2202555,843.1713,0.2358639,-50.9226,-1.3535,2513.783,0.1487239,721.249,0.523479,-55.1187,-1.2128,-11.4993,-0.4718538,19.44852,0.3486862,0.03013873,1.049423,-0.01479462,-0.841004,0.7008215,0.6093014,33.1753,0.2945808,0.1557285,64.85137,15.04866,0.9317077,-3.086255,-4.610556,-8.577505,16.43737,-0.01027288,-0.00635124,0.2010686,4.911592,3.174603,0.2425,0.1628074,0.05533333,0.03518838,-19.64758
"M",46,51,"spontaneous",20.56876,0.1145058,19.556,20.78405,21.70689,2.150896,114.1751,92.19825,66.26852,127.9742,0.3661227,0.5698749,0.1805215,0.3469529,0.5254482,0.3449267,5.387651,3.112944,4.761261,3.349706,0.2771544,0.7414427,29.02391,0.5818366,21.11203,0.4774885,18.45477,0.6491327,15.1135,0.7874793,0.04496707,1.748737,1.308555,1.117729,3.237784,1.126874,9.090392,1.107492,41.88764,0.1707085,445.4525,0.3598031,1332.254,0.1828365,-77.99639,-1.059503,1443.31,0.1604401,1154.359,0.4038905,-88.79051,-0.8452219,2476.672,0.1169093,973.6812,0.3993195,-94.75785,-0.7460939,-26.81892,-0.29643,38.64994,0.1941508,-0.02439634,-1.159851,-0.01447852,-0.8470871,0.2973928,0.599313,36.23292,0.2583697,24.12647,0.3798612,19.89579,0.6006907,17.01344,0.7089,-10.46048,19.57957,-0.009682072,-0.003412151,0.2367427,5.350554,2.979516,0.2175,0.1540089,0.096875,0.07514309,-24.16632
"M",47,57,"spontaneous",22.22373,0.222328,19.39448,22.00694,25.09451,5.700029,108.3993,113.8082,199.7517,400.8353,0.5804766,0.689355,0.206028,0.5090405,0.9219798,0.7159519,8.79688,4.962435,7.266201,4.503514,0.3414355,0.7908899,21.66317,0.6809026,17.48084,0.6362038,19.81584,0.6668616,8.960541,1.105127,0.05418447,1.403003,1.780484,0.7470819,2.292299,1.620643,3.933268,2.176238,26.96856,0.388289,505.9572,0.4979067,1172.228,0.2289389,-57.24715,-1.371148,1534.577,0.1917115,829.3405,0.3430028,-67.46922,-1.050355,2523.363,0.1384652,796.9446,0.3889695,-70.23299,-0.9850352,-16.35057,-0.4597692,23.80941,0.3540271,0.01756497,1.934203,-0.00939533,-1.153638,0.3901699,0.7129561,25.29576,0.4463033,16.10692,0.6993235,20.41075,0.6609614,8.565551,1.213014,-13.56427,21.33485,-0.01938514,-0.005492079,0.2014347,3.75,4.324325,0.1645833,0.1795359,0.054,0.02989983,-23.7829
"M",48,44,"spontaneous",21.48821,0.1669036,19.09862,21.53147,24.00526,4.906643,251.2108,326.1611,130.713,331.8436,0.8627607,0.5755264,0.3562969,0.8519788,1.295614,0.9393175,13.60161,9.510653,11.50227,5.888765,0.6379988,0.6805168,27.98267,0.5566678,10.80194,1.20773,28.92511,0.5634708,-8.761081,-1.699661,0.06359056,1.340211,1.407431,0.8141007,2.197756,1.541639,2.158641,3.645579,25.58323,0.3682189,493.057,0.424073,1142.045,0.2033498,-56.71433,-1.412231,1546.954,0.1923904,773.2798,0.4341358,-70.1039,-1.022511,2561.523,0.1343167,707.9454,0.3971894,-70.83678,-1.010188,-18.66255,-0.4847292,24.16971,0.4209749,0.03161498,0.7787297,-0.02478552,-0.6272404,0.7037361,0.6122391,33.34628,0.3255696,11.02652,1.187006,32.88601,0.4896362,-9.252596,-1.691487,-6.811708,12.17618,0.03058528,-0.01403407,0.4656809,4.642166,2.745098,0.2642857,0.2131637,0.07857142,0.05950475,-19.69023
"M",49,77,"spontaneous",24.39993,0.3140692,21.67154,22.75225,24.39588,2.72434,317.756,398.2069,66.42928,101.0694,0.7971475,0.4938049,0.4617527,0.747553,1.125974,0.6642212,10.17269,4.473799,9.037105,5.344093,0.4151272,0.5928038,19.78292,1.076917,7.900397,1.3268,28.76754,0.4753385,-3.822067,-2.744644,0.04001099,0.8032134,1.543945,0.7960335,4.204012,0.7560461,4.823228,1.016678,23.09827,0.4558498,458.6212,0.4541282,1105.817,0.2228757,-69.02708,-1.220617,1515.164,0.1927479,737.8038,0.416336,-78.79179,-0.9524357,2486.906,0.1188648,639.0981,0.3493353,-76.82032,-0.9873292,-15.40888,-0.6825274,21.5208,0.5077009,0.009737161,2.819284,-0.01808323,-0.7284503,0.453008,0.5023367,27.84456,0.5807671,8.331611,1.195192,34.2842,0.3248002,-3.189593,-3.448637,1.027182,5.453729,0.03402546,-0.001870823,0.340763,5.490196,2.772277,0.2442857,0.3117397,0.1108333,0.09358226,-21.70395
"M",5,64,"prepared",27.93157,0.1203133,25.11266,27.73466,29.97475,4.862089,254.1525,227.0911,69.37783,86.70482,0.7659065,0.5657292,0.3613955,0.644033,1.143914,0.7825186,9.881184,4.022821,9.660295,5.599166,0.4503138,0.6973686,27.15835,0.3788035,0.6414803,15.82584,17.39623,0.7089224,-3.299624,-4.408329,0.04285902,1.500003,1.444487,0.6426077,3.260116,0.9683912,4.538502,1.76496,16.56216,0.5668734,664.0895,0.3940188,1218.985,0.1580163,-46.73722,-1.725907,1793.679,0.1532785,831.6038,0.3312773,-53.90244,-1.352468,2672.364,0.1141679,938.1318,0.3276761,-50.99159,-1.461546,-11.9404,-0.5115206,16.46245,0.43467,0.1000771,0.2318899,-0.03254814,-0.3468311,0.5260237,0.581761,28.45203,0.3405657,-0.2024644,-53.38824,19.08267,0.6796011,-3.101042,-4.907094,-10.64223,15.74969,0.08307315,-0.02385432,0.2016591,4.844961,3.333333,0.2235294,0.1861985,0.06785714,0.05212328,-22.87326
"M",50,52,"spontaneous",25.56833,0.2656116,21.06985,25.65897,29.35151,8.28166,1183.992,1653.593,65.25494,45.06427,1.027339,0.5835584,0.3955839,0.9977177,1.641135,1.245551,12.23461,7.904255,12.4189,6.449985,0.9899523,0.6452793,29.14105,0.5214798,8.44104,1.310368,13.87567,0.8257741,0.3191541,34.39853,0.07515268,1.740749,1.635466,0.9593958,2.953382,1.543818,5.459939,2.471551,26.79328,0.3865326,459.5124,0.3616375,1203.711,0.2460732,-112.7094,-0.817948,1425.814,0.185101,887.7728,0.3015874,-116.2533,-0.7301271,2472.682,0.1104367,711.5544,0.4094439,-119.6496,-0.6800568,-16.23688,-0.5339686,25.82229,0.3825637,0.01889557,1.854568,-0.02103627,-0.8221506,1.308025,0.5250339,34.40863,0.4054224,7.173184,1.538206,14.93158,0.9332557,-2.66653,-5.072658,-16.60769,26.57489,-0.03179476,-0.01485719,0.7292667,4.365079,3.807616,0.1121053,0.08134261,0.1294737,0.1025195,-17.81143
"M",51,41,"spontaneous",26.92758,0.309972,24.08655,26.55828,28.7027,4.61615,304.696,425.1891,136.0809,94.70753,0.8547585,0.581446,0.3592547,0.8534268,1.297548,0.9382935,13.10595,7.081523,10.07729,6.53758,0.5771009,0.6455297,28.87276,0.8126474,3.836641,3.299312,24.79127,0.6276051,-3.639627,-3.591944,0.06737009,1.778618,1.712676,0.8546426,3.042292,1.440032,2.075866,2.90006,23.47366,0.509102,505.595,0.4240441,1258.414,0.2173978,-53.60713,-1.468432,1508.741,0.1781477,980.6714,0.3599066,-62.36344,-1.136094,2513.371,0.110685,892.8669,0.3318858,-65.35433,-1.054656,-14.45605,-0.7666758,23.85509,0.5372948,0.05924293,0.4913977,-0.0188555,-0.8969815,0.6539103,0.5665345,35.08354,0.5462961,1.915148,6.820727,25.68832,0.6278166,-4.622599,-2.895871,-2.984993,11.07282,0.03579764,-0.009271422,0.3346641,4.905661,3.435115,0.215,0.2568019,0.05882353,0.03122637,-20.34495
"M",52,70,"prepared",25.74919,0.1987259,21.97338,23.86634,29.83762,7.864241,195.0413,193.4176,131.0898,207.5252,0.6859331,0.6160904,0.2207521,0.7249486,1.073063,0.8523105,9.249791,4.201914,7.488838,3.196846,0.47114,0.907727,23.04322,0.6027411,4.782043,2.333449,13.83152,1.205792,3.324131,3.714258,0.04946627,1.321566,1.569368,0.8611318,3.771381,0.9792864,6.570658,1.892887,23.12375,0.4232883,430.8725,0.4135823,1146.348,0.1947309,-70.1618,-1.318517,1455.058,0.1822503,737.871,0.3364778,-79.54833,-1.042992,2443.709,0.1021986,703.8699,0.3925144,-80.43024,-1.021629,-14.25794,-0.5294128,21.35689,0.4259779,0.07647467,0.4086386,-0.01259613,-0.9535897,0.6205813,0.682929,29.42656,0.3338477,7.357282,1.497029,16.59952,1.059402,5.699735,2.309656,-3.718314,9.406783,0.07585593,-0.005738029,0.2009477,4.489796,3.505155,0.1758824,0.1688041,0.1123077,0.1502897,-20.87801
"M",53,30,"prepared",29.58095,0.2239803,25.09392,28.6693,33.97823,8.884302,72.80944,45.84095,82.65843,33.78708,0.8607779,0.7950796,0.2444761,0.7116723,1.414099,1.169623,13.83886,5.839765,17.75724,10.53196,0.6070809,1.015435,15.86848,1.119648,0.4710821,22.87169,12.86804,1.064928,-6.165355,-2.392278,0.05384334,1.108333,1.809599,0.6920401,3.249349,1.426516,4.675615,2.797662,21.27825,0.4739289,507.7529,0.518993,1089.881,0.2156544,-102.6882,-0.9313769,1523.089,0.2295767,704.4163,0.3985454,-100.5534,-0.8844522,2556.89,0.1408667,610.6867,0.4657927,-101.5229,-0.8616921,-12.02782,-0.7054457,19.97058,0.5149683,0.08967528,0.3828825,-0.01689004,-0.9281415,0.9814702,0.606711,26.44515,0.5425198,1.941698,5.18621,17.54692,0.8581863,-10.76778,-1.590625,0.2310773,8.258178,0.05538598,-0.003717104,0.1834494,4.008016,2.834008,0.18,0.148324,0.19,0.2414727,-19.07665
"M",54,36,"prepared",20.23224,0.3955283,16.22693,18.96386,21.15892,4.931995,242.804,343.9445,198.4632,197.8206,0.9079575,0.5334443,0.4713834,0.9066023,1.354754,0.8833709,11.76432,5.055182,10.69961,5.740244,0.66635,0.5271396,25.33812,0.7701513,10.11943,0.9411137,17.72976,0.8489019,-3.715201,-3.606541,0.03876952,1.00601,1.429017,0.7800037,1.829913,1.787087,5.56678,0.7477129,26.82514,0.3424968,448.1688,0.4026434,1169.135,0.2101493,-49.83426,-1.515933,1405.354,0.1955292,852.8962,0.3363586,-59.98526,-1.144834,2490.597,0.1030036,666.2386,0.4301756,-63.73206,-1.024452,-16.59468,-0.5644305,25.01862,0.3768322,-0.02154717,-1.13169,-0.02511543,-0.6492759,0.781424,0.3628119,31.37835,0.4764526,10.4122,0.9842703,21.33517,0.6754474,-5.173434,-2.764096,-4.506685,13.22216,-0.02646132,-0.003875743,0.2575304,4.980843,2.713178,0.2814285,0.2661325,0.08272727,0.08507653,-18.55392
"M",55,31,"prepared",27.07011,0.1759869,24.6767,27.56573,31.45891,6.782215,180.3295,129.0744,101.3579,91.64347,0.9995263,0.5798606,0.3681755,1.004442,1.491019,1.122844,15.41375,7.469595,14.03137,6.219987,0.629512,0.6405531,27.13105,0.5217223,-0.4329444,-31.66238,26.16328,0.5813055,-6.803074,-2.192578,0.06984217,1.675405,1.457768,0.8836695,3.704826,1.104475,5.181269,3.573705,20.14053,0.4891331,513.5321,0.4034695,1218.04,0.1870882,-53.90419,-1.47396,1524.12,0.2029045,891.4548,0.4282887,-60.04031,-1.203829,2548.658,0.1262737,671.2669,0.2895203,-61.86972,-1.149256,-12.52699,-0.6022863,19.22004,0.3771761,0.02684321,1.194027,-0.01695455,-0.976724,0.7345945,0.4795442,32.12907,0.3184867,-2.648274,-5.074263,27.18099,0.5890122,-10.93798,-1.28684,-12.97344,22.29597,-0.05749102,0.001371219,0.2819488,5.964215,3.621731,0.2011111,0.1373515,0.06928571,0.05483276,-20.32482
"M",56,63,"prepared",22.84773,0.2232696,20.73654,22.19655,23.82108,3.084539,951.7081,1537.379,26.52708,20.94284,0.7037821,0.6299541,0.2163076,0.719002,1.075254,0.8589467,12.16601,4.714697,9.062293,4.577452,0.4226377,0.6078579,29.68132,0.6460229,2.52459,4.925009,18.86522,0.7749888,13.97961,0.9083027,0.04665558,1.077517,1.734407,0.8767813,2.891896,0.9355076,3.246655,1.430026,23.64116,0.4064875,530.4616,0.4467911,1334.163,0.16866,-58.77205,-1.372584,1513.759,0.1828322,986.6334,0.2589577,-65.61131,-1.14527,2499.241,0.1474333,855.4968,0.2603351,-68.88878,-1.056649,-14.70466,-0.5051836,23.75485,0.3559948,-0.006455286,-4.332309,-0.01548418,-0.8624476,0.4987533,0.4625473,37.07671,0.3704033,0.5690722,21.81866,18.75061,0.8107066,14.82283,0.8985353,-12.91036,21.98558,-0.0654637,-0.005220682,0.2192607,5.05618,2.835539,0.252,0.2007054,0.09153846,0.09944818,-22.24711
"M",57,51,"spontaneous",26.87067,0.1746671,24.94551,27.11154,30.69294,5.747431,174.8235,145.3767,56.765,50.66473,1.088919,0.680065,0.2065926,1.176906,1.817084,1.610492,20.20442,9.08748,16.44581,7.291256,0.8834993,0.844303,14.87607,1.255552,19.6303,0.5366333,1.404127,8.562544,3.11974,3.174335,0.05578506,1.291369,1.651589,0.9175498,4.301827,0.9443017,6.662922,0.891094,32.35518,0.2384292,457.3772,0.3997888,1188.54,0.2204868,-98.52817,-0.9401811,1423.411,0.1873744,906.5971,0.3379177,-105.673,-0.7955832,2468.677,0.1194387,858.0737,0.4478266,-110.7063,-0.718518,-17.9694,-0.4311519,29.30877,0.325599,0.0479962,0.5168641,-0.02541563,-0.4238255,1.277467,0.5769739,25.63508,0.4436451,25.02356,0.331784,0.6497071,21.11018,3.736922,2.452103,-2.818673,11.21488,0.0405891,-0.008757474,0.4196428,5.162524,2.901354,0.176,0.1190406,0.16,0.1581139,-16.13093
"M",58,68,"spontaneous",26.66998,0.1910703,24.04166,25.71435,28.52917,4.487511,240.4578,322.0308,50.72675,43.98219,1.169684,0.4922748,0.5534157,1.230129,1.75205,1.198634,16.44913,8.116404,11.02432,5.384048,0.8121035,0.600435,22.49659,0.7959888,11.66371,1.119258,14.75248,1.002465,0.5173935,31.37442,0.04201776,1.15743,1.299314,0.8613307,3.809908,0.8352174,3.212309,1.518177,23.94918,0.438206,432.6816,0.4123481,1156.077,0.1850233,-39.53731,-1.901559,1408.82,0.1871641,833.4204,0.2682112,-50.40115,-1.353455,2442.932,0.1090523,708.1971,0.3941544,-53.75784,-1.229212,-14.94484,-0.5608307,21.80134,0.4366534,0.06406944,0.4302198,-0.02322588,-0.5601549,0.9274318,0.4652281,28.24928,0.4573647,11.51536,1.113877,16.2632,0.9207059,-0.7213751,-23.89624,0.7420437,7.208048,0.05336492,-0.002333906,0.3457692,5.152672,1.930502,0.414,0.3649438,0.105,0.1105667,-17.75069
"M",59,43,"prepared",25.44547,0.1142827,22.97725,25.14154,28.41795,5.440706,200.4579,228.5638,45.85912,35.03275,0.7891091,0.5775979,0.3478588,0.7520371,1.145184,0.7973253,12.85541,5.744614,11.45714,4.983658,0.4965477,0.599207,31.4566,0.5712349,8.471038,1.576668,16.73253,1.074836,3.871663,3.310756,0.04909507,1.15796,1.322042,1.071956,4.534122,0.7323434,2.1259,2.565006,24.07527,0.3679238,474.2077,0.3611814,1271.561,0.2014658,-50.20884,-1.448495,1464.571,0.1800461,920.3236,0.3677458,-61.38,-1.077725,2442.671,0.1171373,858.7314,0.3045191,-64.42158,-1.00124,-16.63497,-0.4564084,25.77379,0.363991,0.01011414,3.148227,-0.02129452,-0.6170637,0.5639676,0.5037614,36.7942,0.3474599,5.363816,2.360278,18.58817,1.004044,2.790034,4.246649,-16.13914,25.25802,-0.05658257,-0.009557955,0.2264876,6.589148,3.143419,0.24125,0.1748169,0.05866667,0.03461535,-20.91727
"M",6,45,"prepared",20.64098,0.2409313,16.45147,20.18611,24.33252,7.881048,358.7741,430.5444,205.5128,227.8205,0.5557589,0.9444743,0.04901031,0.4296963,1.004022,0.9550116,12.60979,7.539637,10.1227,7.693161,0.3496166,1.105409,21.38046,0.5202163,-1.915402,-7.627522,18.81134,1.079079,1.048047,14.90955,0.06221198,1.007743,2.355572,0.698406,0.3145371,9.764198,3.432204,1.800508,16.90856,0.4487263,698.5823,0.4669868,1066.178,0.2948985,-126.9272,-0.7126502,1724.696,0.1998624,861.9111,0.3703685,-126.1686,-0.7058701,2726.519,0.1132034,739.6287,0.3110074,-127.3848,-0.6868623,-9.606516,-0.6388519,17.67768,0.3385795,0.0291134,1.019103,-0.008942229,-1.909062,0.583666,0.5792772,28.34365,0.3249035,-6.357332,-2.015375,28.68355,0.8059502,-2.517123,-8.169363,-9.061135,19.36835,-0.006771514,-0.00243264,0.1994339,3.294574,1.956947,0.192,0.1152215,0.299,0.3181336,-25.06353
"M",60,27,"prepared",23.17398,0.0659337,22.39356,23.19899,24.26586,1.872299,101.3503,135.3509,47.04909,103.8092,0.6855734,0.6281226,0.2930773,0.6241704,1.090716,0.797639,12.30662,6.774765,9.251601,5.677289,0.4933749,0.6998115,30.56971,0.5450959,9.391032,1.141153,22.3496,0.6185803,-3.967144,-4.215079,0.04757088,1.652446,1.397005,0.9304172,4.002438,0.7589596,0.394529,20.31337,28.26398,0.3811958,424.0642,0.3352385,1199.232,0.1486251,-69.51173,-1.212046,1378.869,0.1870267,876.2438,0.2815961,-79.98013,-0.9655506,2472.031,0.1009929,796.8359,0.5101184,-86.88338,-0.8321956,-19.30213,-0.3868598,30.53077,0.2525191,-0.01341266,-2.268238,-0.01698598,-0.814322,0.5948885,0.5672871,38.29526,0.2804236,9.543047,1.172318,23.15335,0.6068942,-8.825571,-1.934283,-16.57123,27.09247,-0.06295197,-0.002085598,0.2773657,5,2.912621,0.226,0.2520529,0.09666667,0.1197033,-20.66931
"M",7,43,"prepared",24.48085,0.1576985,21.24033,24.63244,27.59332,6.352997,329.0246,351.8727,54.78679,45.06981,0.6322185,0.7206038,0.1621275,0.5626996,1.082553,0.9204254,12.63493,5.72382,11.61716,6.033136,0.5414811,0.7639395,29.03761,0.4466291,11.81585,0.8898633,16.27861,0.7110699,9.362321,1.446315,0.09877016,1.494936,1.970593,0.7657736,3.366601,1.057266,2.127189,2.77501,26.00382,0.29785,465.7909,0.3992946,1262.303,0.1615001,-83.99665,-1.029602,1429.495,0.1831418,976.5962,0.3004664,-91.22472,-0.874267,2436.719,0.1287507,740.3877,0.2749915,-94.90188,-0.8108941,-18.71957,-0.4036073,26.88666,0.3033424,-0.004287236,-8.351593,-0.01720639,-0.9172724,0.7306423,0.5286575,35.02792,0.2973781,10.42591,0.9826822,18.87685,0.683177,10.06247,1.533729,-17.93477,28.07397,-0.04714592,-0.007944977,0.2387467,6.175299,3.420523,0.1735294,0.1460436,0.104375,0.1016716,-20.3781
"M",8,41,"prepared",24.19525,0.1545394,21.27028,24.35865,27.37659,6.106304,300.9795,453.211,46.83508,28.17729,0.8197415,0.7844819,0.2112001,0.6928415,1.336344,1.125144,12.69063,6.363452,12.57794,8.260688,0.5352892,0.925518,27.93965,0.6376632,-0.2788994,-43.29024,17.9575,0.8169558,-0.09313538,-156.7914,0.0547041,1.193949,1.787172,0.8670083,2.917904,1.196875,6.720122,2.380767,21.29949,0.3455993,510.3452,0.394462,1231.879,0.1885821,-70.35404,-1.242331,1496.6,0.1783268,886.6037,0.2873155,-76.89051,-1.064196,2488.225,0.1164547,780.3729,0.3114569,-79.73903,-1.001465,-13.34471,-0.4938184,20.97843,0.3331189,0.03767453,0.8670732,-0.02183131,-0.6702784,0.7042623,0.6852893,36.04964,0.3210654,-2.790915,-4.298702,20.18159,0.8295814,-0.114035,-140.3994,-5.477423,13.30879,-0.003313425,-0.005694947,0.1960233,4.242424,3.067485,0.21,0.1432946,0.1107692,0.1288685,-19.90592
"M",9,42,"prepared",22.33996,0.1452096,19.45301,21.57029,25.38765,5.934635,157.9847,179.8938,44.4692,46.75825,0.8696105,0.6142548,0.3746838,0.8367012,1.267936,0.8932519,17.6552,8.081921,11.53738,5.327962,0.5750585,0.7300484,27.79349,0.550366,4.910058,2.421558,9.220587,1.950503,10.61466,1.519556,0.05743639,1.227947,1.701272,0.8270811,2.062896,1.498187,3.130923,1.663869,21.15797,0.4272947,546.458,0.4348205,1249.631,0.1628228,-54.84035,-1.476649,1554.438,0.1717667,902.7301,0.3178838,-63.85553,-1.169519,2537.347,0.1483165,768.9908,0.3491489,-64.90643,-1.139802,-13.82807,-0.5493734,22.3354,0.3855186,0.02742652,1.275986,-0.01976255,-0.8716778,0.6725871,0.6380711,32.95628,0.2893358,5.447906,2.204611,9.959738,1.977403,11.85692,1.42219,-4.988376,12.314,0.01336008,-0.009004602,0.3078189,5.128205,2.59481,0.2792308,0.2234162,0.09999999,0.07160497,-21.03128
